school,rating,ratingRank,grouping,trajectory,note,standing,pathForward,tagline
Ohio State,99.0,1,Blue Bloods,Maintaining,,"Ten years, 115-17, 9 of them double digits. Ohio State has spent the decade turning ""best in the sport"" from a claim into a spreadsheet — 26 first-round picks, 18 consensus All-Americans, 1 national title.","The bar here isn't a target, it's a line to stay above. Over the last ten years the six have won at about .77 and up — a 10-3 season at the low end, 13-2 at the top, conference title game and playoff folded in — sat in the AP poll nearly every week, and put a player in the first round of most drafts. A national title is never far from the group. Slip under that for a decade and ""top six"" starts to look generous.",7 Heismans and 9 national titles across five decades.
Alabama,98.0,2,Blue Bloods,Maintaining,,"The blue-blood bar sits where Alabama lives: 121-19, a top-ten team in 9 of 10 years, a first-rounder in nearly every draft. Nobody is measured against it and comes out ahead.","The bar here isn't a target, it's a line to stay above. Over the last ten years the six have won at about .77 and up — a 10-3 season at the low end, 13-2 at the top, conference title game and playoff folded in — sat in the AP poll nearly every week, and put a player in the first round of most drafts. A national title is never far from the group. Slip under that for a decade and ""top six"" starts to look generous.",Bryant and Saban dynasties; 18 national titles and it's not even close.
Notre Dame,98.0,3,Blue Bloods,Descending,no title since 1988,"Notre Dame's banner says blue blood; the last decade hasn't carried it like the rest of the six — 101-29, 9 winning seasons in 10, but a trophy case quiet since 1988.","The bar here isn't a target, it's a line to stay above. Over the last ten years the six have won at about .77 and up — a 10-3 season at the low end, 13-2 at the top, conference title game and playoff folded in — sat in the AP poll nearly every week, and put a player in the first round of most drafts. A national title is never far from the group. Slip under that for a decade and ""top six"" starts to look generous. Notre Dame's last decade has dipped under it — arresting that is the only assignment.","Rockne, the Four Horsemen, eleven consensus national titles."
Michigan,97.7,4,Blue Bloods,Maintaining,,"Ten years, 96-31, 5 of them double digits. Michigan has spent the decade turning ""best in the sport"" from a claim into a spreadsheet — 13 first-round picks, 11 consensus All-Americans, 1 national title.","The bar here isn't a target, it's a line to stay above. Over the last ten years the six have won at about .77 and up — a 10-3 season at the low end, 13-2 at the top, conference title game and playoff folded in — sat in the AP poll nearly every week, and put a player in the first round of most drafts. A national title is never far from the group. Slip under that for a decade and ""top six"" starts to look generous.","The Big House, the winged helmets, 1997 and 2023."
Oklahoma,96.7,5,Blue Bloods,Maintaining,,"The blue-blood bar sits where Oklahoma lives: 99-32, a top-ten team in 6 of 10 years, a first-rounder in nearly every draft. Nobody is measured against it and comes out ahead.","The bar here isn't a target, it's a line to stay above. Over the last ten years the six have won at about .77 and up — a 10-3 season at the low end, 13-2 at the top, conference title game and playoff folded in — sat in the AP poll nearly every week, and put a player in the first round of most drafts. A national title is never far from the group. Slip under that for a decade and ""top six"" starts to look generous.",Wilkinson's 47-game streak and seven national championships.
USC,96.3,6,Blue Bloods,Descending,no title since 2004,"USC's banner says blue blood; the last decade hasn't carried it like the rest of the six — 78-45, 8 winning seasons in 10, but 1 year with a top-ten team.","The bar here isn't a target, it's a line to stay above. Over the last ten years the six have won at about .77 and up — a 10-3 season at the low end, 13-2 at the top, conference title game and playoff folded in — sat in the AP poll nearly every week, and put a player in the first round of most drafts. A national title is never far from the group. Slip under that for a decade and ""top six"" starts to look generous. USC's last decade has dipped under it — arresting that is the only assignment.","Eleven national titles, eight Heismans, the Coliseum."
Texas,94.4,7,Blue Blood Fringe,Maintaining,,"Texas has been blue-blood for a decade already — 85-45, 3 years with a top-ten team. What is missing is the century of it: the all-time 94.4 still trails the ~97.6 line.",Texas's last decade already rates like a blue blood; the résumé just hasn't caught up. Keep the line where it is and the all-time 94.4 gets there — that's the whole project.,"1963, 1969 and 2005 champions; the Longhorn and Bevo."
Nebraska,93.7,8,Blue Blood Fringe,Descending,no title since 1997,"Nebraska's résumé is built on 5 national titles and generations of ranked football. The last ten years read differently — 51-68, 3 winning seasons in 10, not one top-ten team and nothing new in the trophy case since 1997.","Back into the middle of the pack, Nebraska needs a national title, 6 more top-ten seasons a decade and 6 more winning years — 5-7 where the top six run 10-3. But the trend points the other way — steadying the slide and holding the tier comes first.","Five national titles, the 90s juggernaut, the Sea of Red."
Georgia,91.9,9,Blue Blood Contenders,Maintaining,,"Georgia has been blue-blood for a decade already — 117-21, 9 years with a top-ten team, 2 national titles. What is missing is the century of it: the all-time 91.9 still trails the ~97.6 line.",Georgia's last decade already rates like a blue blood; the résumé just hasn't caught up. Keep the line where it is and the all-time 91.9 gets there — that's the whole project.,"1980, then back-to-back in 2021 and 2022, between the hedges."
Penn State,91.4,10,Blue Blood Contenders,Maintaining,,"Penn State keeps knocking without the door opening — 94-36, 5 years with a top-ten team, where the six average 6 years with a top-ten team. Close, and parked there.","To break the top six, Penn State needs a national title, 1 more top-ten season a decade and 2 more first-round picks — 9-4 where the top six run 10-3. It's a real gap, and a decade of holding the Contenders steady hasn't moved it.","Two national titles and undefeated, untied seasons."
LSU,91.0,11,Blue Blood Contenders,Maintaining,,"LSU has been blue-blood for a decade already — 89-40, 2 years with a top-ten team, 1 national title. What is missing is the century of it: the all-time 91.0 still trails the ~97.6 line.",LSU's last decade already rates like a blue blood; the résumé just hasn't caught up. Keep the line where it is and the all-time 91.0 gets there — that's the whole project.,Night games in Death Valley; champions in four decades.
Tennessee,89.7,12,Blue Blood Contenders,Descending,7 winning seasons in 10,"Tennessee's résumé is built on 2 national titles and generations of ranked football. The last ten years read differently — 74-51, 7 winning seasons in 10, 2 with a top-ten team and nothing new in the trophy case since 1998.","To break the top six, Tennessee needs a national title, 4 more top-ten seasons a decade and 2 more winning years — 8-5 where the top six run 10-3. But the trend points the other way — steadying the slide and holding the tier comes first.",1998 national champions; Neyland Stadium and the Vol Navy.
Miami (FL),88.7,13,Blue Blood Contenders,Descending,no title since 2001,"Miami (FL)'s résumé is built on 5 national titles and generations of ranked football. The last ten years read differently — 82-47, 8 winning seasons in 10, 1 with a top-ten team and nothing new in the trophy case since 2001.","To break the top six, Miami (FL) needs a national title, 5 more top-ten seasons a decade and 1 more winning year — 8-5 where the top six run 10-3. But the trend points the other way — steadying the slide and holding the tier comes first.",The 1980s and 2000s: five national titles and The U.
Florida,87.0,14,Blue Blood Contenders,Descending,no title since 2008,"Florida's résumé is built on 3 national titles and generations of ranked football. The last ten years read differently — 71-54, 5 winning seasons in 10, 2 with a top-ten team and nothing new in the trophy case since 2008.","To break the top six, Florida needs a national title, 4 more top-ten seasons a decade and 4 more winning years — 7-6 where the top six run 10-3. But the trend points the other way — steadying the slide and holding the tier comes first.",Three national titles; the Fun 'n' Gun and The Swamp.
Florida State,86.7,15,Blue Blood Contenders,Descending,no title since 2013,"Florida State's résumé is built on 3 national titles and generations of ranked football. The last ten years read differently — 66-57, 4 winning seasons in 10, 2 with a top-ten team and nothing new in the trophy case since 2013.","To break the top six, Florida State needs a national title, 4 more top-ten seasons a decade and 5 more winning years — 6-6 where the top six run 10-3. But the trend points the other way — steadying the slide and holding the tier comes first.","Bowden's dynasty: 1993, 1999, 2013 and fourteen straight top-fives."
Clemson,86.1,16,Blue Blood Contenders,Ascending,2 national titles in the decade,"Clemson has been blue-blood for a decade already — 112-26, 5 years with a top-ten team, 2 national titles. What is missing is the century of it: the all-time 86.1 still trails the ~97.6 line.","Nothing to add — Clemson is already playing blue-blood football. The gap left is arithmetic, not talent: five or six more years like the last ten and the 86.1 all-time number climbs into the top six on its own.","1981, then 2016 and 2018; Death Valley and the Hill."
Texas A&M,85.9,17,Blue Blood Contenders,Maintaining,,"Texas A&M keeps knocking without the door opening — 80-45, 2 years with a top-ten team, where the six average 6 years with a top-ten team. Close, and parked there.","To break the top six, Texas A&M needs a national title, 4 more top-ten seasons a decade and 6 more first-round picks — 8-5 where the top six run 10-3. It's a real gap, and a decade of holding the Contenders steady hasn't moved it.","The 12th Man, the Junction Boys, 1939 national champions."
Auburn,85.1,18,Blue Blood Contenders,Descending,5 winning seasons in 10,"Auburn's résumé is built on 2 national titles and generations of ranked football. The last ten years read differently — 68-58, 5 winning seasons in 10, 1 with a top-ten team and nothing new in the trophy case since 2010.","To break the top six, Auburn needs a national title, 5 more top-ten seasons a decade and 4 more winning years — 7-6 where the top six run 10-3. But the trend points the other way — steadying the slide and holding the tier comes first.",1957 and 2010 champions; Toomer's Corner and the Iron Bowl.
UCLA,84.1,19,Blue Blood Contenders,Descending,no top-ten team in the decade,"UCLA's résumé is built on 1 national title and generations of ranked football. The last ten years read differently — 53-65, 3 winning seasons in 10, not one top-ten team and nothing new in the trophy case since 1954.","To break the top six, UCLA needs a national title, 6 more top-ten seasons a decade and 6 more winning years — 5-7 where the top six run 10-3. But the trend points the other way — steadying the slide and holding the tier comes first.",1954 national champions; the Rose Bowl and Westwood.
Pittsburgh,83.6,20,Blue Blood Contenders,Descending,no title since 1976,"Pittsburgh's résumé is built on 4 national titles and generations of ranked football. The last ten years read differently — 72-56, 7 winning seasons in 10, not one top-ten team and nothing new in the trophy case since 1976.","To break the top six, Pittsburgh needs a national title, 6 more top-ten seasons a decade and 2 more winning years — 7-6 where the top six run 10-3. But the trend points the other way — steadying the slide and holding the tier comes first.","Nine claimed national titles; Dorsett, Marino, the 1970s."
Washington,82.3,21,National Powers,Maintaining,,"Washington has held the Powers for a decade without pushing to leave it — 87-37, 8 winning seasons in 10, 3 years with a top-ten team. Steady is the whole story.","To look like the Contenders, Washington needs nothing new — just more of the same, for longer. It's a real gap, and a decade of holding the Powers steady hasn't moved it.",1991 co-champions; Rose Bowl tradition on Lake Washington.
Michigan State,81.4,22,National Powers,Descending,no title since 1966,"Michigan State's résumé is built on 3 national titles and generations of ranked football. The last ten years read differently — 58-61, 4 winning seasons in 10, 1 with a top-ten team and nothing new in the trophy case since 1966.","To look like the Contenders, Michigan State needs 1 more top-ten season a decade, 4 more winning years and 4 more first-round picks — 6-6 where the Contenders run 8-5. But the trend points the other way — steadying the slide and holding the tier comes first.",Back-to-back national titles in 1965 and 1966.
Wisconsin,80.3,23,National Powers,Maintaining,,"Wisconsin has held the Powers for a decade without pushing to leave it — 78-47, 8 winning seasons in 10, 2 years with a top-ten team. Steady is the whole story.","To look like the Contenders, Wisconsin needs 3 more first-round picks. It's a real gap, and a decade of holding the Powers steady hasn't moved it.","Camp Randall, Alvarez's Rose Bowls, three Heisman backs."
Arkansas,79.4,24,National Powers,Descending,no top-ten team in the decade,"Arkansas's résumé is built on 1 national title and generations of ranked football. The last ten years read differently — 47-75, 4 winning seasons in 10, not one top-ten team and nothing new in the trophy case since 1964.","To look like the Contenders, Arkansas needs 2 more top-ten seasons a decade, 4 more winning years and 3 more first-round picks — 5-7 where the Contenders run 8-5. But the trend points the other way — steadying the slide and holding the tier comes first.",1964 national champions; calling the Hogs.
Colorado,78.5,25,National Powers,Descending,no top-ten team in the decade,"Colorado's résumé is built on 1 national title and generations of ranked football. The last ten years read differently — 50-67, 3 winning seasons in 10, not one top-ten team and nothing new in the trophy case since 1990.","To look like the Contenders, Colorado needs 2 more top-ten seasons a decade, 5 more winning years and 4 more first-round picks — 5-7 where the Contenders run 8-5. But the trend points the other way — steadying the slide and holding the tier comes first.",1990 national champions; Folsom Field a mile high.
Iowa,78.3,26,National Powers,Maintaining,,"A 86-41 over ten years, a winning record every year, no top-ten team — Iowa is exactly the Powers program the rating says it is, no more, no less.","To look like the Contenders, Iowa needs 2 more top-ten seasons a decade. It's a real gap, and a decade of holding the Powers steady hasn't moved it.",Nile Kinnick's 1939 Heisman; black and gold at Kinnick.
Minnesota,77.4,27,National Powers,Descending,no title since 1960,"Minnesota's résumé is built on 6 national titles and generations of ranked football. The last ten years read differently — 75-48, 7 winning seasons in 10, 1 with a top-ten team and nothing new in the trophy case since 1960.","To look like the Contenders, Minnesota needs 1 more top-ten season a decade, 1 more winning year and 4 more first-round picks. But the trend points the other way — steadying the slide and holding the tier comes first.",Six national titles and the Little Brown Jug.
Stanford,76.2,28,National Powers,Descending,no top-ten team in the decade,"Stanford's résumé is built on 1 national title and generations of ranked football. The last ten years read differently — 52-66, 4 winning seasons in 10, not one top-ten team and nothing new in the trophy case since 1926.","To look like the Contenders, Stanford needs 2 more top-ten seasons a decade, 4 more winning years and 2 more first-round picks — 5-7 where the Contenders run 8-5. But the trend points the other way — steadying the slide and holding the tier comes first.","The Vow Boys, two Heismans, the Big Game and the Axe."
Georgia Tech,74.9,29,National Powers,Descending,no title since 1990,"Georgia Tech's résumé is built on 3 national titles and generations of ranked football. The last ten years read differently — 58-64, 5 winning seasons in 10, not one top-ten team and nothing new in the trophy case since 1990.","To look like the Contenders, Georgia Tech needs 2 more top-ten seasons a decade, 3 more winning years and 5 more first-round picks — 6-6 where the Contenders run 8-5. But the trend points the other way — steadying the slide and holding the tier comes first.","1917, 1928, 1952 and 1990 titles at old Grant Field."
TCU,74.3,30,National Powers,Maintaining,,"A 76-51 over ten years, 6 winning seasons in 10, 2 years with a top-ten team — TCU is exactly the Powers program the rating says it is, no more, no less.","To look like the Contenders, TCU needs 2 more winning years and 4 more consensus All-Americans — 8-5 where the Contenders run 8-5. It's a real gap, and a decade of holding the Powers steady hasn't moved it.",1938 national champions; Davey O'Brien and the Horned Frogs.
Illinois,73.3,31,National Powers,Descending,no title since 1927,"Illinois's résumé is built on 3 national titles and generations of ranked football. The last ten years read differently — 54-66, 3 winning seasons in 10, not one top-ten team and nothing new in the trophy case since 1927.","To look like the Contenders, Illinois needs 2 more top-ten seasons a decade, 5 more winning years and 4 more first-round picks — 5-7 where the Contenders run 8-5. But the trend points the other way — steadying the slide and holding the tier comes first.","Red Grange, the Galloping Ghost, and Memorial Stadium."
Ole Miss,73.1,32,National Powers,Maintaining,,"A 77-48 over ten years, 5 winning seasons in 10, 1 year with a top-ten team — Ole Miss is exactly the Powers program the rating says it is, no more, no less.","To look like the Contenders, Ole Miss needs 1 more top-ten season a decade, 3 more winning years and 3 more consensus All-Americans. It's a real gap, and a decade of holding the Powers steady hasn't moved it.",Vaught's undefeated teams of 1959 to 1962; the Grove.
Arizona State,72.5,33,National Brands,Descending,6 winning seasons in 10,"Arizona State's résumé is built on an all-time rating (72.5) the last decade hasn't matched. The last ten years read differently — 62-57, 6 winning seasons in 10 and 1 with a top-ten team.","To look like the Powers, Arizona State needs a better record, first of all — 6-6 where the Powers run 7-5. But the trend points the other way — steadying the slide and holding the tier comes first.",Frank Kush's 1970s teams and the 1987 Rose Bowl.
Oregon,72.1,34,National Brands,Ascending,4 top-ten teams in the decade,"Oregon has made the last decade its best stretch on record — 94-35, 9 winning seasons in 10, ranked every year — already past the Powers.","To look like the Powers, Oregon needs nothing new — just more of the same, for longer. The last decade's already bending that way, so it's a decade-or-two climb, not a moonshot. In the Big Ten, the schedule runs straight through the tier above — those are the games that decide it.",The Ducks' rise to the national stage; Autzen's roar.
Syracuse,71.3,35,National Brands,Descending,no top-ten team in the decade,"Syracuse's résumé is built on 1 national title and generations of ranked football. The last ten years read differently — 55-68, 3 winning seasons in 10, not one top-ten team and nothing new in the trophy case since 1959.","To look like the Powers, Syracuse needs 1 more top-ten season a decade, 2 more winning years and 2 more first-round picks — 5-7 where the Powers run 7-5. But the trend points the other way — steadying the slide and holding the tier comes first.","1959 national champions; Ernie Davis, the first Black Heisman."
California,70.7,36,National Brands,Descending,no title since 1922,"California's résumé is built on 3 national titles and generations of ranked football. The last ten years read differently — 54-63, 3 winning seasons in 10, not one top-ten team and nothing new in the trophy case since 1922.","To look like the Powers, California needs 1 more top-ten season a decade and 2 more winning years — 6-6 where the Powers run 7-5. But the trend points the other way — steadying the slide and holding the tier comes first.",Andy Smith's Wonder Teams — five straight unbeaten.
West Virginia,69.9,37,National Brands,Descending,no top-ten team in the decade,"West Virginia's résumé is built on an all-time rating (69.9) the last decade hasn't matched. The last ten years read differently — 66-57, 5 winning seasons in 10 and not one top-ten team.","To look like the Powers, West Virginia needs 1 more top-ten season a decade. But the trend points the other way — steadying the slide and holding the tier comes first.",Major Harris and Pat White; Country Roads at Mountaineer Field.
BYU,69.7,38,National Brands,Maintaining,,"A 84-45 over ten years, 8 winning seasons in 10, no top-ten team — BYU is exactly the Brands program the rating says it is, no more, no less.","To look like the Powers, BYU needs 1 more top-ten season a decade. It's a real gap, and a decade of holding the Brands steady hasn't moved it. In the Big 12, the schedule runs straight through the tier above — those are the games that decide it.",1984 national champions; LaVell Edwards Stadium.
Utah,67.4,39,National Brands,Ascending,4 big seasons where there'd been none,"Utah has made the last decade its best stretch on record — 83-42, 9 winning seasons in 10, ranked every year — already past the Powers.","To look like the Powers, Utah needs nothing new — just more of the same, for longer. The last decade's already bending that way, so it's a decade-or-two climb, not a moonshot. In the Big 12, the schedule runs straight through the tier above — those are the games that decide it.",Two BCS-buster seasons; the Utes' climb to the Big 12.
Purdue,67.3,40,National Brands,Descending,no top-ten team in the decade,"Purdue's résumé is built on an all-time rating (67.3) the last decade hasn't matched. The last ten years read differently — 46-73, 3 winning seasons in 10 and not one top-ten team.","To look like the Powers, Purdue needs 1 more top-ten season a decade and 2 more winning years — 5-7 where the Powers run 7-5. But the trend points the other way — steadying the slide and holding the tier comes first.",The 1967 Rose Bowl and the Boilermaker Special.
Missouri,66.3,41,National Brands,Maintaining,,"Missouri has held the Brands for a decade without pushing to leave it — 71-54, 5 winning seasons in 10, 1 year with a top-ten team. Steady is the whole story.","To look like the Powers, Missouri needs nothing new — just more of the same, for longer. It's a real gap, and a decade of holding the Brands steady hasn't moved it. In the SEC, the schedule runs straight through the tier above — those are the games that decide it.",Don Faurot's Split-T offense; Faurot Field.
North Carolina,65.9,42,National Brands,Descending,no top-ten team in the decade,"North Carolina's résumé is built on an all-time rating (65.9) the last decade hasn't matched. The last ten years read differently — 61-65, 5 winning seasons in 10 and not one top-ten team.","To look like the Powers, North Carolina needs 1 more top-ten season a decade — 6-7 where the Powers run 7-5. But the trend points the other way — steadying the slide and holding the tier comes first.",One of the South's oldest programs; Kenan Stadium since 1927.
Virginia Tech,65.5,43,National Brands,Descending,no top-ten team in the decade,"Virginia Tech's résumé is built on an all-time rating (65.5) the last decade hasn't matched. The last ten years read differently — 63-63, 4 winning seasons in 10 and not one top-ten team.","To look like the Powers, Virginia Tech needs 1 more top-ten season a decade and 1 more winning year — 7-6 where the Powers run 7-5. But the trend points the other way — steadying the slide and holding the tier comes first.",Beamer's turn-of-the-century run; Enter Sandman at Lane.
Maryland,64.8,44,National Brands,Descending,no top-ten team in the decade,"Maryland's résumé is built on 1 national title and generations of ranked football. The last ten years read differently — 51-66, 3 winning seasons in 10, not one top-ten team and nothing new in the trophy case since 1953.","To look like the Powers, Maryland needs 1 more top-ten season a decade and 2 more winning years — 5-7 where the Powers run 7-5. But the trend points the other way — steadying the slide and holding the tier comes first.",1953 national champions; the Terrapins in College Park.
Baylor,64.4,45,National Brands,Maintaining,,"Baylor has held the Brands for a decade without pushing to leave it — 62-63, 5 winning seasons in 10, 1 year with a top-ten team. Steady is the whole story.","To look like the Powers, Baylor needs a better record, first of all — 6-7 where the Powers run 7-5. It's a real gap, and a decade of holding the Brands steady hasn't moved it. In the Big 12, the schedule runs straight through the tier above — those are the games that decide it.",Robert Griffin III's 2011 Heisman; the Bears' revival.
Oklahoma State,63.6,46,National Brands,Maintaining,,"A 76-52 over ten years, 8 winning seasons in 10, 1 year with a top-ten team — Oklahoma State is exactly the Brands program the rating says it is, no more, no less.","To look like the Powers, Oklahoma State needs 2 more first-round picks. It's a real gap, and a decade of holding the Brands steady hasn't moved it. In the Big 12, the schedule runs straight through the tier above — those are the games that decide it.",Barry Sanders' 1988 Heisman season in Stillwater.
Army,63.4,47,National Brands,Descending,no title since 1945,"Army's résumé is built on 3 national titles and generations of ranked football. The last ten years read differently — 83-45, 7 winning seasons in 10, not one top-ten team and nothing new in the trophy case since 1945.","To look like the Powers, Army needs 1 more top-ten season a decade and 2 more first-round picks. But the trend points the other way — steadying the slide and holding the tier comes first.",Back-to-back national titles in 1944 and 1945; Blanchard and Davis.
Boston College,60.5,48,The Field,Descending,no top-ten team in the decade,"Boston College's résumé is built on an all-time rating (60.5) the last decade hasn't matched. The last ten years read differently — 58-66, 6 winning seasons in 10 and not one top-ten team.","To look like the Brands, Boston College needs a better record, first of all — 6-6 where the Brands run 7-6. But the trend points the other way — steadying the slide and holding the tier comes first.",Doug Flutie's 1984 Hail Mary and Heisman.
SMU,60.2,49,The Field,Descending,no top-ten team in the decade,"SMU's résumé is built on an all-time rating (60.2) the last decade hasn't matched. The last ten years read differently — 80-46, 8 winning seasons in 10 and not one top-ten team.","To look like the Brands, SMU needs nothing new — just more of the same, for longer. But the trend points the other way — steadying the slide and holding the tier comes first.",The Pony Express and Doak Walker's 1948 Heisman.
Texas Tech,59.1,50,The Field,Maintaining,,"A 66-59 over ten years, 5 winning seasons in 10, 1 year with a top-ten team — Texas Tech is exactly the Field program the rating says it is, no more, no less.","To look like the Brands, Texas Tech needs nothing new — just more of the same, for longer. It's a real gap, and a decade of holding the Field steady hasn't moved it. A conference title or two is the near-term step; the tier itself is a longer build.","The Air Raid years, Michael Crabtree's catch, and Jones Stadium."
North Carolina State,58.1,51,The Field,Ascending,8 big seasons where there'd been none,"North Carolina State has made the last decade its best stretch on record — 77-50, 8 winning seasons in 10, ranked in 7 of 10 — pushing at the Brands.","To look like the Brands, North Carolina State needs nothing new — just more of the same, for longer. The last decade's already bending that way, so it's a decade-or-two climb, not a moonshot. A conference title or two is the near-term step; the tier itself is a longer build.",Philip Rivers rewriting the record book in Raleigh.
Kentucky,56.2,52,The Field,Ascending,2 big seasons where there'd been none,"Kentucky has made the last decade its best stretch on record — 70-56, 7 winning seasons in 10, ranked in 5 of 10 — pushing at the Brands.","To look like the Brands, Kentucky needs nothing new — just more of the same, for longer. The last decade's already bending that way, so it's a decade-or-two climb, not a moonshot. A conference title or two is the near-term step; the tier itself is a longer build.",Bear Bryant's 1950 SEC title and Sugar Bowl win.
Arizona,55.0,53,The Field,Descending,no top-ten team in the decade,"Arizona's résumé is built on an all-time rating (55.0) the last decade hasn't matched. The last ten years read differently — 48-68, 3 winning seasons in 10 and not one top-ten team.","To look like the Brands, Arizona needs 2 more winning years — 5-7 where the Brands run 7-6. But the trend points the other way — steadying the slide and holding the tier comes first.",Dick Tomey's Desert Swarm defenses of the mid-1990s.
Houston,54.4,54,The Field,Maintaining,,"A 69-53 over ten years, 6 winning seasons in 10, no top-ten team — Houston is exactly the Field program the rating says it is, no more, no less.","To look like the Brands, Houston needs nothing new — just more of the same, for longer. It's a real gap, and a decade of holding the Field steady hasn't moved it. A conference title or two is the near-term step; the tier itself is a longer build.",Andre Ware's 1989 Heisman and the run-and-shoot.
South Carolina,54.3,55,The Field,Maintaining,,"South Carolina has held the Field for a decade without pushing to leave it — 61-63, 5 winning seasons in 10, no top-ten team. Steady is the whole story.","To look like the Brands, South Carolina needs a better record, first of all — 6-6 where the Brands run 7-6. It's a real gap, and a decade of holding the Field steady hasn't moved it. A conference title or two is the near-term step; the tier itself is a longer build.",Spurrier's eleven-win teams; Williams-Brice on Saturdays.
Navy,53.8,56,The Field,Descending,no top-ten team in the decade,"Navy's résumé is built on an all-time rating (53.8) the last decade hasn't matched. The last ten years read differently — 67-58, 5 winning seasons in 10 and not one top-ten team.","To look like the Brands, Navy needs nothing new — just more of the same, for longer. But the trend points the other way — steadying the slide and holding the tier comes first.",Heismans for Bellino and Staubach; the Midshipmen.
Boise State,53.6,57,The Field,Ascending,6 big seasons where there'd been none,"Boise State has made the last decade its best stretch on record — 94-35, a winning record every year, ranked in 7 of 10 — already past the Brands.","To look like the Brands, Boise State needs nothing new — just more of the same, for longer. The last decade's already bending that way, so it's a decade-or-two climb, not a moonshot. A conference title or two is the near-term step; the tier itself is a longer build.",The blue turf and the 2007 Fiesta Bowl Statue of Liberty.
Virginia,53.6,58,The Field,Descending,no top-ten team in the decade,"Virginia's résumé is built on an all-time rating (53.6) the last decade hasn't matched. The last ten years read differently — 58-64, 3 winning seasons in 10 and not one top-ten team.","To look like the Brands, Virginia needs 2 more winning years — 6-6 where the Brands run 7-6. But the trend points the other way — steadying the slide and holding the tier comes first.",The 1990 team that briefly sat at No. 1 under George Welsh.
Northwestern,53.2,59,The Field,Maintaining,,"Northwestern has held the Field for a decade without pushing to leave it — 59-64, 6 winning seasons in 10, 1 year with a top-ten team. Steady is the whole story.","To look like the Brands, Northwestern needs a better record, first of all — 6-6 where the Brands run 7-6. It's a real gap, and a decade of holding the Field steady hasn't moved it. A conference title or two is the near-term step; the tier itself is a longer build.",The 1995 Rose Bowl season that shocked the Big Ten.
Duke,53.0,60,The Field,Descending,no top-ten team in the decade,"Duke's résumé is built on an all-time rating (53.0) the last decade hasn't matched. The last ten years read differently — 64-62, 6 winning seasons in 10 and not one top-ten team.","To look like the Brands, Duke needs nothing new — just more of the same, for longer. But the trend points the other way — steadying the slide and holding the tier comes first.",Wallace Wade's 1938 Iron Dukes and the 1942 Rose Bowl.
Indiana,51.4,61,The Field,Maintaining,,"Indiana has held the Field for a decade without pushing to leave it — 66-57, 4 winning seasons in 10, 2 years with a top-ten team. Steady is the whole story.","To look like the Brands, Indiana needs 1 more winning year. It's a real gap, and a decade of holding the Field steady hasn't moved it. A conference title or two is the near-term step; the tier itself is a longer build.",The 1967 Rose Bowl and a 2025 breakthrough.
Kansas State,51.2,62,The Field,Ascending,1 big seasons where there'd been none,"Kansas State has made the last decade its best stretch on record — 76-50, 7 winning seasons in 10, ranked in 8 of 10 — pushing at the Brands.","To look like the Brands, Kansas State needs nothing new — just more of the same, for longer. The last decade's already bending that way, so it's a decade-or-two climb, not a moonshot. A conference title or two is the near-term step; the tier itself is a longer build.",Bill Snyder's turnaround of the nation's worst program.
Vanderbilt,50.1,63,The Field,Maintaining,,"Vanderbilt has held the Field for a decade without pushing to leave it — 46-75, 2 winning seasons in 10, no top-ten team. Steady is the whole story.","To look like the Brands, Vanderbilt needs 3 more winning years — 5-7 where the Brands run 7-6. It's a real gap, and a decade of holding the Field steady hasn't moved it. A conference title or two is the near-term step; the tier itself is a longer build.",A founding member of the SEC and its oldest.
Washington State,49.8,64,The Field,Ascending,1 big seasons where there'd been none,"Washington State has made the last decade its best stretch on record — 69-51, 7 winning seasons in 10, ranked in 6 of 10 — pushing at the Brands.","To look like the Brands, Washington State needs nothing new — just more of the same, for longer. The last decade's already bending that way, so it's a decade-or-two climb, not a moonshot. A conference title or two is the near-term step; the tier itself is a longer build.",Ryan Leaf's 1997 Rose Bowl run and the Palouse Air Raid.
Louisville,48.9,65,The Field,Ascending,1 big seasons where there'd been none,"Louisville has made the last decade its best stretch on record — 73-55, 7 winning seasons in 10, ranked in 6 of 10 — pushing at the Brands.","To look like the Brands, Louisville needs nothing new — just more of the same, for longer. The last decade's already bending that way, so it's a decade-or-two climb, not a moonshot. A conference title or two is the near-term step; the tier itself is a longer build.",Lamar Jackson's 2016 Heisman; the Cardinals' rise.
Mississippi State,47.6,66,The Field,Maintaining,,"A 61-65 over ten years, 4 winning seasons in 10, 1 year with a top-ten team — Mississippi State is exactly the Field program the rating says it is, no more, no less.","To look like the Brands, Mississippi State needs 1 more winning year — 6-7 where the Brands run 7-6. It's a real gap, and a decade of holding the Field steady hasn't moved it. A conference title or two is the near-term step; the tier itself is a longer build.","The cowbells, Dak Prescott, and a 2014 run to No. 1."
San Diego State,47.4,67,The Field,Ascending,4 big seasons where there'd been none,"San Diego State has made the last decade its best stretch on record — 77-48, 7 winning seasons in 10, ranked in 4 of 10 — pushing at the Brands.","To look like the Brands, San Diego State needs nothing new — just more of the same, for longer. The last decade's already bending that way, so it's a decade-or-two climb, not a moonshot. A conference title or two is the near-term step; the tier itself is a longer build.",Marshall Faulk's freshman explosion and the Aztecs on the Mesa.
Kansas,47.2,68,The Field,Descending,no top-ten team in the decade,"Kansas's résumé is built on an all-time rating (47.2) the last decade hasn't matched. The last ten years read differently — 36-83, 1 winning season in 10 and not one top-ten team.","To look like the Brands, Kansas needs 4 more winning years — 4-8 where the Brands run 7-6. But the trend points the other way — steadying the slide and holding the tier comes first.",Gale Sayers and a 2008 Orange Bowl victory.
Oregon State,46.8,69,The Field,Maintaining,,"Oregon State has held the Field for a decade without pushing to leave it — 46-72, 3 winning seasons in 10, no top-ten team. Steady is the whole story.","To look like the Brands, Oregon State needs 2 more winning years — 5-7 where the Brands run 7-6. It's a real gap, and a decade of holding the Field steady hasn't moved it. A conference title or two is the near-term step; the tier itself is a longer build.",The Giant Killers of 1967 and back-to-back Fiesta Bowls.
Tulsa,46.8,70,The Field,Maintaining,,"A 48-71 over ten years, 3 winning seasons in 10, no top-ten team — Tulsa is exactly the Field program the rating says it is, no more, no less.","To look like the Brands, Tulsa needs 2 more winning years — 5-7 where the Brands run 7-6. It's a real gap, and a decade of holding the Field steady hasn't moved it. A conference title or two is the near-term step; the tier itself is a longer build.",The 1940s Skelly Stadium powerhouses and Glenn Dobbs.
Cincinnati,45.9,71,The Field,Ascending,3 big seasons where there'd been none,"Cincinnati has made the last decade its best stretch on record — 76-49, 6 winning seasons in 10, ranked in 6 of 10 — pushing at the Brands.","To look like the Brands, Cincinnati needs nothing new — just more of the same, for longer. The last decade's already bending that way, so it's a decade-or-two climb, not a moonshot. A conference title or two is the near-term step; the tier itself is a longer build.",An unbeaten 2021 and the first Group of Five Playoff berth.
Tulane,45.8,72,The Field,Maintaining,,"A 74-56 over ten years, 6 winning seasons in 10, 1 year with a top-ten team — Tulane is exactly the Field program the rating says it is, no more, no less.","To look like the Brands, Tulane needs nothing new — just more of the same, for longer. It's a real gap, and a decade of holding the Field steady hasn't moved it. A conference title or two is the near-term step; the tier itself is a longer build.",The 1934 Rose Bowl team and old Tulane Stadium.
Fresno State,45.3,73,The Field,Maintaining,,"Fresno State has held the Field for a decade without pushing to leave it — 74-50, 6 winning seasons in 10, no top-ten team. Steady is the whole story.","To look like the Brands, Fresno State needs nothing new — just more of the same, for longer. It's a real gap, and a decade of holding the Field steady hasn't moved it. A conference title or two is the near-term step; the tier itself is a longer build.","Pat Hill's 'anyone, anywhere, anytime' and the 2001 top ten."
Colorado State,44.2,74,The Field,Maintaining,,"A 43-72 over ten years, 3 winning seasons in 10, no top-ten team — Colorado State is exactly the Field program the rating says it is, no more, no less.","To look like the Brands, Colorado State needs 2 more winning years — 4-8 where the Brands run 7-6. It's a real gap, and a decade of holding the Field steady hasn't moved it. A conference title or two is the near-term step; the tier itself is a longer build.",Sonny Lubick's 1990s Border War dominance in Fort Collins.
Wyoming,42.4,75,The Field,Maintaining,,"Wyoming has held the Field for a decade without pushing to leave it — 62-59, 6 winning seasons in 10, no top-ten team. Steady is the whole story.","To look like the Brands, Wyoming needs nothing new — just more of the same, for longer. It's a real gap, and a decade of holding the Field steady hasn't moved it. A conference title or two is the near-term step; the tier itself is a longer build.",The unbeaten 1967 Sugar Bowl team and the altitude at War Memorial.
Iowa State,41.5,76,The Field,Ascending,1 big seasons where there'd been none,"Iowa State has made the last decade its best stretch on record — 72-55, 8 winning seasons in 10, ranked in 7 of 10 — pushing at the Brands.","To look like the Brands, Iowa State needs nothing new — just more of the same, for longer. The last decade's already bending that way, so it's a decade-or-two climb, not a moonshot. A conference title or two is the near-term step; the tier itself is a longer build.",Jack Trice's legacy and Matt Campbell's Fiesta Bowl breakthrough.
Rice,41.1,77,The Field,Descending,no top-ten team in the decade,"Rice's résumé is built on an all-time rating (41.1) the last decade hasn't matched. The last ten years read differently — 35-82, 0 winning seasons in 10 and not one top-ten team.","To look like the Brands, Rice needs 5 more winning years — 4-8 where the Brands run 7-6. But the trend points the other way — steadying the slide and holding the tier comes first.",The 1953 Cotton Bowl and Jess Neely's Southwest Conference titles.
Utah State,40.7,78,The Field,Maintaining,,"A 61-61 over ten years, 3 winning seasons in 10, no top-ten team — Utah State is exactly the Field program the rating says it is, no more, no less.","To look like the Brands, Utah State needs 2 more winning years — 6-6 where the Brands run 7-6. It's a real gap, and a decade of holding the Field steady hasn't moved it. A conference title or two is the near-term step; the tier itself is a longer build.",Merlin Olsen's line and the eleven-win 2012 Aggies.
Wake Forest,40.4,79,The Field,Maintaining,,"Wake Forest has held the Field for a decade without pushing to leave it — 70-55, 7 winning seasons in 10, no top-ten team. Steady is the whole story.","To look like the Brands, Wake Forest needs nothing new — just more of the same, for longer. It's a real gap, and a decade of holding the Field steady hasn't moved it. A conference title or two is the near-term step; the tier itself is a longer build.",Brian Piccolo's 1964 season and a 2006 ACC title.
Miami (OH),39.2,80,The Field,Maintaining,,"A 67-55 over ten years, 5 winning seasons in 10, no top-ten team — Miami (OH) is exactly the Field program the rating says it is, no more, no less.","To look like the Brands, Miami (OH) needs nothing new — just more of the same, for longer. It's a real gap, and a decade of holding the Field steady hasn't moved it. A conference title or two is the near-term step; the tier itself is a longer build.","The Cradle of Coaches: Hayes, Parseghian, Schembechler, and more."
Air Force,38.2,81,The Field,Maintaining,,"Air Force has held the Field for a decade without pushing to leave it — 72-47, 5 winning seasons in 10, no top-ten team. Steady is the whole story.","To look like the Brands, Air Force needs nothing new — just more of the same, for longer. It's a real gap, and a decade of holding the Field steady hasn't moved it. A conference title or two is the near-term step; the tier itself is a longer build.",Commander-in-Chief's Trophy runs and the falcon-and-flexbone identity.
Rutgers,38.2,82,The Field,Descending,no top-ten team in the decade,"Rutgers's résumé is built on an all-time rating (38.2) the last decade hasn't matched. The last ten years read differently — 40-80, 2 winning seasons in 10 and not one top-ten team.","To look like the Brands, Rutgers needs 3 more winning years — 4-8 where the Brands run 7-6. But the trend points the other way — steadying the slide and holding the tier comes first.","Where college football began, in 1869 against Princeton."
Toledo,37.6,83,The Field,Ascending,2 big seasons where there'd been none,"Toledo has made the last decade its best stretch on record — 80-45, 9 winning seasons in 10, ranked in 1 of 10 — pushing at the Brands.","To look like the Brands, Toledo needs nothing new — just more of the same, for longer. The last decade's already bending that way, so it's a decade-or-two climb, not a moonshot. A conference title or two is the near-term step; the tier itself is a longer build.",The 1969-71 streak of 35 straight wins and a stack of MAC titles.
Southern Miss,36.8,84,The Field,Descending,no top-ten team in the decade,"Southern Miss's résumé is built on an all-time rating (36.8) the last decade hasn't matched. The last ten years read differently — 52-70, 6 winning seasons in 10 and not one top-ten team.","To look like the Brands, Southern Miss needs a better record, first of all — 5-7 where the Brands run 7-6. But the trend points the other way — steadying the slide and holding the tier comes first.",Brett Favre in Hattiesburg and the 2011 Conference USA title.
Memphis,36.6,85,The Field,Ascending,4 big seasons where there'd been none,"Memphis has made the last decade its best stretch on record — 88-41, 9 winning seasons in 10, ranked in 5 of 10 — pushing at the Brands.","To look like the Brands, Memphis needs nothing new — just more of the same, for longer. The last decade's already bending that way, so it's a decade-or-two climb, not a moonshot. A conference title or two is the near-term step; the tier itself is a longer build.","DeAngelo Williams, the 2019 AAC title, and the Liberty Bowl."
East Carolina,36.6,86,The Field,Descending,no top-ten team in the decade,"East Carolina's résumé is built on an all-time rating (36.6) the last decade hasn't matched. The last ten years read differently — 50-70, 4 winning seasons in 10 and not one top-ten team.","To look like the Brands, East Carolina needs 1 more winning year — 5-7 where the Brands run 7-6. But the trend points the other way — steadying the slide and holding the tier comes first.",Purple pride and the eleven-win 1991 Peach Bowl season.
Appalachian State,36.2,87,The Field,Ascending,4 big seasons where there'd been none,"Appalachian State has made the last decade its best stretch on record — 87-42, 7 winning seasons in 10, ranked in 3 of 10 — pushing at the Brands.","To look like the Brands, Appalachian State needs nothing new — just more of the same, for longer. The last decade's already bending that way, so it's a decade-or-two climb, not a moonshot. A conference title or two is the near-term step; the tier itself is a longer build.",The 2007 upset at Michigan; three straight FCS national titles.
Delaware,35.4,88,The Field,Maintaining,,"Delaware has 23 FBS seasons: 68-47, 7 winning seasons in 10. Too little to set against the Brands yet.","Delaware has 23 seasons at this level — too little to set a target against the National Brands. The near-term markers are the ordinary ones: a winning record most years, a conference title, the odd ranked week.","FCS royalty — Joe Flacco, Rich Gannon, and the 2003 national title."
Louisiana Tech,35.1,89,The Field,Maintaining,,"Louisiana Tech has held the Field for a decade without pushing to leave it — 61-64, 5 winning seasons in 10, no top-ten team. Steady is the whole story.","To look like the Brands, Louisiana Tech needs a better record, first of all — 6-7 where the Brands run 7-6. It's a real gap, and a decade of holding the Field steady hasn't moved it. A conference title or two is the near-term step; the tier itself is a longer build.","Terry Bradshaw, Karl Malone, and three Division II national titles."
San Jose State,35.0,90,The Field,Maintaining,,"A 48-71 over ten years, 4 winning seasons in 10, no top-ten team — San Jose State is exactly the Field program the rating says it is, no more, no less.","To look like the Brands, San Jose State needs 1 more winning year — 5-7 where the Brands run 7-6. It's a real gap, and a decade of holding the Field steady hasn't moved it. A conference title or two is the near-term step; the tier itself is a longer build.",The 1990 California Bowl and an early coaching home for Bill Walsh.
UCF,35.0,91,The Field,Ascending,3 big seasons where there'd been none,"UCF has made the last decade its best stretch on record — 80-46, 6 winning seasons in 10, ranked in 5 of 10 — pushing at the Brands.","To look like the Brands, UCF needs nothing new — just more of the same, for longer. The last decade's already bending that way, so it's a decade-or-two climb, not a moonshot. A conference title or two is the near-term step; the tier itself is a longer build.",An undefeated 2017 and a self-declared national title.
Marshall,34.3,92,The Field,Maintaining,,"A 72-53 over ten years, 7 winning seasons in 10, no top-ten team — Marshall is exactly the Field program the rating says it is, no more, no less.","To look like the Brands, Marshall needs nothing new — just more of the same, for longer. It's a real gap, and a decade of holding the Field steady hasn't moved it. A conference title or two is the near-term step; the tier itself is a longer build.","From the 1970 tragedy to Randy Moss, Chad Pennington, and a title."
Northern Illinois,32.9,93,The Field,Maintaining,,"Northern Illinois has held the Field for a decade without pushing to leave it — 56-65, 5 winning seasons in 10, no top-ten team. Steady is the whole story.","To look like the Brands, Northern Illinois needs a better record, first of all — 6-6 where the Brands run 7-6. It's a real gap, and a decade of holding the Field steady hasn't moved it. A conference title or two is the near-term step; the tier itself is a longer build.",Jordan Lynch's Heisman run and the 2012 Orange Bowl.
Bowling Green,32.2,94,The Field,Maintaining,,"A 40-76 over ten years, 2 winning seasons in 10, no top-ten team — Bowling Green is exactly the Field program the rating says it is, no more, no less.","To look like the Brands, Bowling Green needs 3 more winning years — 4-8 where the Brands run 7-6. It's a real gap, and a decade of holding the Field steady hasn't moved it. A conference title or two is the near-term step; the tier itself is a longer build.",Doyt Perry's near-perfect 1950s and five unbeaten seasons.
Temple,31.1,95,The Field,Maintaining,,"Temple has held the Field for a decade without pushing to leave it — 51-69, 4 winning seasons in 10, no top-ten team. Steady is the whole story.","To look like the Brands, Temple needs 1 more winning year — 5-7 where the Brands run 7-6. It's a real gap, and a decade of holding the Field steady hasn't moved it. A conference title or two is the near-term step; the tier itself is a longer build.",Pop Warner's Owls and Wayne Hardin's bowl teams.
South Florida,29.4,96,The Field,Maintaining,,"South Florida has 29 FBS seasons: 59-63, 6 winning seasons in 10. Too little to set against the Brands yet.","South Florida has 29 seasons at this level — too little to set a target against the National Brands. The near-term markers are the ordinary ones: a winning record most years, a conference title, the odd ranked week.",The mid-2000s top-five ranking under Jim Leavitt.
Western Michigan,28.8,97,The Field,Ascending,2 big seasons where there'd been none,"Western Michigan has made the last decade its best stretch on record — 70-52, 6 winning seasons in 10, ranked in 1 of 10 — pushing at the Brands.","To look like the Brands, Western Michigan needs nothing new — just more of the same, for longer. The last decade's already bending that way, so it's a decade-or-two climb, not a moonshot. A conference title or two is the near-term step; the tier itself is a longer build.",The unbeaten 2016 regular season and a Cotton Bowl berth.
Nevada,28.6,98,The Field,Maintaining,,"A 48-73 over ten years, 4 winning seasons in 10, no top-ten team — Nevada is exactly the Field program the rating says it is, no more, no less.","To look like the Brands, Nevada needs 1 more winning year — 5-7 where the Brands run 7-6. It's a real gap, and a decade of holding the Field steady hasn't moved it. A conference title or two is the near-term step; the tier itself is a longer build.",Colin Kaepernick and the pistol offense Chris Ault built.
North Texas,28.2,99,The Field,Ascending,1 big seasons where there'd been none,"North Texas has made the last decade its best stretch on record — 67-61, 3 winning seasons in 10, ranked in 1 of 10 — pushing at the Brands.","To look like the Brands, North Texas needs 2 more winning years. The last decade's already bending that way, so it's a decade-or-two climb, not a moonshot. A conference title or two is the near-term step; the tier itself is a longer build.","Mean Joe Greene, the Mean Green, and five straight 1970s titles."
Central Michigan,27.7,100,The Field,Maintaining,,"A 55-65 over ten years, 4 winning seasons in 10, no top-ten team — Central Michigan is exactly the Field program the rating says it is, no more, no less.","To look like the Brands, Central Michigan needs 1 more winning year — 6-6 where the Brands run 7-6. It's a real gap, and a decade of holding the Field steady hasn't moved it. A conference title or two is the near-term step; the tier itself is a longer build.",Three MAC titles in four years and Dan LeFevour's record book.
Hawaii,27.4,101,The Field,Maintaining,,"Hawaii has held the Field for a decade without pushing to leave it — 61-67, 4 winning seasons in 10, no top-ten team. Steady is the whole story.","To look like the Brands, Hawaii needs 1 more winning year — 6-7 where the Brands run 7-6. It's a real gap, and a decade of holding the Field steady hasn't moved it. A conference title or two is the near-term step; the tier itself is a longer build.","June Jones, the run-and-shoot, and the unbeaten 2007 Sugar Bowl season."
Jacksonville State,27.3,102,The Field,Maintaining,,"Jacksonville State has 23 FBS seasons: 86-39, 8 winning seasons in 10. Too little to set against the Brands yet.","Jacksonville State has 23 seasons at this level — too little to set a target against the National Brands. The near-term markers are the ordinary ones: a winning record most years, a conference title, the odd ranked week.",Division II champions turned FBS; the 2024 Conference USA title.
Troy,27.3,103,The Field,Ascending,5 big seasons where there'd been none,"Troy has made the last decade its best stretch on record — 81-47, 6 winning seasons in 10, ranked in 2 of 10 — pushing at the Brands.","To look like the Brands, Troy needs nothing new — just more of the same, for longer. The last decade's already bending that way, so it's a decade-or-two climb, not a moonshot. A conference title or two is the near-term step; the tier itself is a longer build.",The jump to FBS and a run of Sun Belt championships.
UTEP,26.9,104,The Field,Maintaining,,"A 29-88 over ten years, 1 winning season in 10, no top-ten team — UTEP is exactly the Field program the rating says it is, no more, no less.","To look like the Brands, UTEP needs 4 more winning years — 3-9 where the Brands run 7-6. It's a real gap, and a decade of holding the Field steady hasn't moved it. A conference title or two is the near-term step; the tier itself is a longer build.",The 1967 Sun Bowl champions; Miners football since 1914.
Coastal Carolina,26.3,105,The Field,Maintaining,,"Coastal Carolina has 23 FBS seasons: 74-51, 5 winning seasons in 10. Too little to set against the Brands yet.","Coastal Carolina has 23 seasons at this level — too little to set a target against the National Brands. The near-term markers are the ordinary ones: a winning record most years, a conference title, the odd ranked week.",The unbeaten 2020 run on the teal turf at Brooks Stadium.
New Mexico,26.3,106,The Field,Maintaining,,"A 42-75 over ten years, 2 winning seasons in 10, no top-ten team — New Mexico is exactly the Field program the rating says it is, no more, no less.","To look like the Brands, New Mexico needs 3 more winning years — 4-8 where the Brands run 7-6. It's a real gap, and a decade of holding the Field steady hasn't moved it. A conference title or two is the near-term step; the tier itself is a longer build.",Rocky Long's Lobos and the thin air at University Stadium.
Sam Houston,25.9,107,The Field,Maintaining,,"Sam Houston has 23 FBS seasons: 78-42, 7 winning seasons in 10. Too little to set against the Brands yet.","Sam Houston has 23 seasons at this level — too little to set a target against the National Brands. The near-term markers are the ordinary ones: a winning record most years, a conference title, the odd ranked week.",2020 FCS champions who leapt straight to FBS — and won a bowl.
Ball State,25.5,108,The Field,Maintaining,,"A 44-73 over ten years, 1 winning season in 10, no top-ten team — Ball State is exactly the Field program the rating says it is, no more, no less.","To look like the Brands, Ball State needs 4 more winning years — 5-7 where the Brands run 7-6. It's a real gap, and a decade of holding the Field steady hasn't moved it. A conference title or two is the near-term step; the tier itself is a longer build.",The unbeaten 2008 regular season behind Nate Davis.
Western Kentucky,24.8,109,The Field,Ascending,1 big seasons where there'd been none,"Western Kentucky has made the last decade its best stretch on record — 77-55, 7 winning seasons in 10, ranked in 0 of 10 — pushing at the Brands.","To look like the Brands, Western Kentucky needs nothing new — just more of the same, for longer. The last decade's already bending that way, so it's a decade-or-two climb, not a moonshot. A conference title or two is the near-term step; the tier itself is a longer build.",The 2002 Division I-AA title and Brandon Doughty’s passing records.
Ohio,23.9,110,The Field,Ascending,3 big seasons where there'd been none,"Ohio has made the last decade its best stretch on record — 78-44, 9 winning seasons in 10, ranked in 0 of 10 — pushing at the Brands.","To look like the Brands, Ohio needs nothing new — just more of the same, for longer. The last decade's already bending that way, so it's a decade-or-two climb, not a moonshot. A conference title or two is the near-term step; the tier itself is a longer build.",Frank Solich's Bobcats and a century of MAC football in Athens.
Louisiana,23.9,111,The Field,Ascending,4 big seasons where there'd been none,"Louisiana has made the last decade its best stretch on record — 80-51, 4 winning seasons in 10, ranked in 2 of 10 — pushing at the Brands.","To look like the Brands, Louisiana needs 1 more winning year. The last decade's already bending that way, so it's a decade-or-two climb, not a moonshot. A conference title or two is the near-term step; the tier itself is a longer build.",Four straight Sun Belt West titles and New Orleans Bowl wins.
Georgia Southern,23.6,112,The Field,Ascending,1 big seasons where there'd been none,"Georgia Southern has made the last decade its best stretch on record — 62-65, 5 winning seasons in 10, ranked in 0 of 10 — pushing at the Brands.","To look like the Brands, Georgia Southern needs a better record, first of all — 6-7 where the Brands run 7-6. The last decade's already bending that way, so it's a decade-or-two climb, not a moonshot. A conference title or two is the near-term step; the tier itself is a longer build.",Erk Russell's dynasty: six national titles and the triple option.
UConn,23.4,113,The Field,Maintaining,,"UConn has held the Field for a decade without pushing to leave it — 37-74, 2 winning seasons in 9, no top-ten team. Steady is the whole story.","To look like the Brands, UConn needs 3 more winning years — 4-7 where the Brands run 7-6. It's a real gap, and a decade of holding the Field steady hasn't moved it. A conference title or two is the near-term step; the tier itself is a longer build.",The 2011 Fiesta Bowl in the Huskies’ first FBS decade.
Liberty,22.3,114,The Field,Ascending,2 big seasons where there'd been none,"Liberty has made the last decade its best stretch on record — 77-45, 8 winning seasons in 10, ranked in 3 of 10 — pushing at the Brands.","To look like the Brands, Liberty needs nothing new — just more of the same, for longer. The last decade's already bending that way, so it's a decade-or-two climb, not a moonshot. A conference title or two is the near-term step; the tier itself is a longer build.",Hugh Freeze's unbeaten 2023 and a Fiesta Bowl berth.
James Madison,22.0,115,The Field,Maintaining,,"James Madison has 23 FBS seasons: 110-22, a winning record every year. Too little to set against the Brands yet.","James Madison has 23 seasons at this level — too little to set a target against the National Brands. The near-term markers are the ordinary ones: a winning record most years, a conference title, the odd ranked week.","Two FCS national titles, then a winning FBS debut in the Sun Belt."
UMass,20.8,116,The Field,Maintaining,,"A 18-94 over ten years, 0 winning seasons in 10, no top-ten team — UMass is exactly the Field program the rating says it is, no more, no less.","To look like the Brands, UMass needs 5 more winning years — 2-9 where the Brands run 7-6. It's a real gap, and a decade of holding the Field steady hasn't moved it. A conference title or two is the near-term step; the tier itself is a longer build.",The 1998 Division I-AA national champions of Amherst.
New Mexico State,20.1,117,The Field,Maintaining,,"New Mexico State has held the Field for a decade without pushing to leave it — 42-73, 3 winning seasons in 10, no top-ten team. Steady is the whole story.","To look like the Brands, New Mexico State needs 2 more winning years — 4-8 where the Brands run 7-6. It's a real gap, and a decade of holding the Field steady hasn't moved it. A conference title or two is the near-term step; the tier itself is a longer build.",The 1960 Sun Bowl champions; football in Las Cruces since 1893.
Missouri State,20.0,118,The Field,Maintaining,,"Missouri State has 23 FBS seasons: 49-64, 3 winning seasons in 10. Too little to set against the Brands yet.","Missouri State has 23 seasons at this level — too little to set a target against the National Brands. The near-term markers are the ordinary ones: a winning record most years, a conference title, the odd ranked week.",Missouri Valley mainstay; Bobby Petrino's playoff run before the FBS jump.
Eastern Michigan,19.5,119,The Field,Ascending,4 big seasons where there'd been none,"Eastern Michigan has made the last decade its best stretch on record — 58-62, 4 winning seasons in 10, ranked in 0 of 10 — pushing at the Brands.","To look like the Brands, Eastern Michigan needs 1 more winning year — 6-6 where the Brands run 7-6. The last decade's already bending that way, so it's a decade-or-two climb, not a moonshot. A conference title or two is the near-term step; the tier itself is a longer build.",The 1987 California Bowl champions of Ypsilanti.
Arkansas State,19.3,120,The Field,Ascending,6 big seasons where there'd been none,"Arkansas State has made the last decade its best stretch on record — 61-64, 6 winning seasons in 10, ranked in 0 of 10 — pushing at the Brands.","To look like the Brands, Arkansas State needs a better record, first of all — 6-7 where the Brands run 7-6. The last decade's already bending that way, so it's a decade-or-two climb, not a moonshot. A conference title or two is the near-term step; the tier itself is a longer build.",A run of Sun Belt titles through a parade of one-year coaches.
UNLV,18.8,121,The Field,Maintaining,,"UNLV has held the Field for a decade without pushing to leave it — 54-66, 3 winning seasons in 10, no top-ten team. Steady is the whole story.","To look like the Brands, UNLV needs 2 more winning years — 5-7 where the Brands run 7-6. It's a real gap, and a decade of holding the Field steady hasn't moved it. A conference title or two is the near-term step; the tier itself is a longer build.",The 1984 California Bowl and the Rebels under the lights.
UTSA,18.7,122,The Field,Maintaining,,"UTSA has 15 FBS seasons: 72-55, 7 winning seasons in 10. Too little to set against the Brands yet.","UTSA has 15 seasons at this level — too little to set a target against the National Brands. The near-term markers are the ordinary ones: a winning record most years, a conference title, the odd ranked week.",Back-to-back Conference USA titles barely a decade after kickoff.
Kent State,18.2,123,The Field,Maintaining,,"Kent State has held the Field for a decade without pushing to leave it — 35-80, 2 winning seasons in 10, no top-ten team. Steady is the whole story.","To look like the Brands, Kent State needs 3 more winning years — 4-8 where the Brands run 7-6. It's a real gap, and a decade of holding the Field steady hasn't moved it. A conference title or two is the near-term step; the tier itself is a longer build.",Nick Saban and Jack Lambert both once wore the blue and gold.
Florida Atlantic,18.0,124,The Field,Maintaining,,"Florida Atlantic has 25 FBS seasons: 56-65, 3 winning seasons in 10. Too little to set against the Brands yet.","Florida Atlantic has 25 seasons at this level — too little to set a target against the National Brands. The near-term markers are the ordinary ones: a winning record most years, a conference title, the odd ranked week.",Howard Schnellenberger's founding vision and the 2007-08 bowl wins.
Louisiana-Monroe,17.5,125,The Field,Maintaining,,"Louisiana-Monroe has held the Field for a decade without pushing to leave it — 37-81, 0 winning seasons in 10, no top-ten team. Steady is the whole story.","To look like the Brands, Louisiana-Monroe needs 5 more winning years — 4-8 where the Brands run 7-6. It's a real gap, and a decade of holding the Field steady hasn't moved it. A conference title or two is the near-term step; the tier itself is a longer build.",The 2012 stunner at Arkansas; the Warhawks of the bayou.
Buffalo,17.5,126,The Field,Ascending,1 big seasons where there'd been none,"Buffalo has made the last decade its best stretch on record — 60-60, 5 winning seasons in 10, ranked in 1 of 10 — pushing at the Brands.","To look like the Brands, Buffalo needs a better record, first of all — 6-6 where the Brands run 7-6. The last decade's already bending that way, so it's a decade-or-two climb, not a moonshot. A conference title or two is the near-term step; the tier itself is a longer build.",The 2008 MAC championship behind Turner Gill and James Starks.
Middle Tennessee,17.2,127,The Field,Ascending,5 big seasons where there'd been none,"Middle Tennessee has made the last decade its best stretch on record — 55-68, 5 winning seasons in 10, ranked in 0 of 10 — pushing at the Brands.","To look like the Brands, Middle Tennessee needs a better record, first of all — 5-7 where the Brands run 7-6. The last decade's already bending that way, so it's a decade-or-two climb, not a moonshot. A conference title or two is the near-term step; the tier itself is a longer build.",Blue Raiders football since 1911 and the climb through C-USA.
Texas State,16.4,128,The Field,Maintaining,,"A 43-80 over ten years, 3 winning seasons in 10, no top-ten team — Texas State is exactly the Field program the rating says it is, no more, no less.","To look like the Brands, Texas State needs 2 more winning years — 4-8 where the Brands run 7-6. It's a real gap, and a decade of holding the Field steady hasn't moved it. A conference title or two is the near-term step; the tier itself is a longer build.",Bobcats football rising from Southwest Texas roots.
UAB,16.4,129,The Field,Ascending,1 big seasons where there'd been none,"UAB has made the last decade its best stretch on record — 61-51, 6 winning seasons in 9, ranked in 0 of 9 — pushing at the Brands.","To look like the Brands, UAB needs nothing new — just more of the same, for longer. The last decade's already bending that way, so it's a decade-or-two climb, not a moonshot. A conference title or two is the near-term step; the tier itself is a longer build.",The program its own city shut down and brought back.
Kennesaw State,15.8,130,The Field,Maintaining,,"Kennesaw State has 11 FBS seasons: 77-39, 7 winning seasons in 10. Too little to set against the Brands yet.","Kennesaw State has 11 seasons at this level — too little to set a target against the National Brands. The near-term markers are the ordinary ones: a winning record most years, a conference title, the odd ranked week.","The sport's newest program: first snap in 2015, FBS by 2024."
Akron,14.8,131,The Field,Maintaining,,"Akron has held the Field for a decade without pushing to leave it — 32-84, 0 winning seasons in 10, no top-ten team. Steady is the whole story.","To look like the Brands, Akron needs 5 more winning years — 3-9 where the Brands run 7-6. It's a real gap, and a decade of holding the Field steady hasn't moved it. A conference title or two is the near-term step; the tier itself is a longer build.",MAC football since 1891 and the 2005 conference title.
Old Dominion,13.5,132,The Field,Maintaining,,"Old Dominion has 21 FBS seasons: 50-62, 2 winning seasons in 9. Too little to set against the Brands yet.","Old Dominion has 21 seasons at this level — too little to set a target against the National Brands. The near-term markers are the ordinary ones: a winning record most years, a conference title, the odd ranked week.",Football reborn in 2009 and the 2016 upset of No. 13 Virginia Tech.
FIU,10.5,133,The Field,Maintaining,,"FIU has 24 FBS seasons: 47-70, 3 winning seasons in 10. Too little to set against the Brands yet.","FIU has 24 seasons at this level — too little to set a target against the National Brands. The near-term markers are the ordinary ones: a winning record most years, a conference title, the odd ranked week.",Mario Cristobal's first bowl teams in the late 2000s.
South Alabama,10.0,134,The Field,Maintaining,,"South Alabama has 15 FBS seasons: 52-71, 3 winning seasons in 10. Too little to set against the Brands yet.","South Alabama has 15 seasons at this level — too little to set a target against the National Brands. The near-term markers are the ordinary ones: a winning record most years, a conference title, the odd ranked week.",Jaguars football since 2009 and a bowl team within a decade.
Georgia State,9.0,135,The Field,Maintaining,,"Georgia State has 16 FBS seasons: 48-73, 5 winning seasons in 10. Too little to set against the Brands yet.","Georgia State has 16 seasons at this level — too little to set a target against the National Brands. The near-term markers are the ordinary ones: a winning record most years, a conference title, the odd ranked week.",Football since 2010 and a bowl win before its first decade closed.
Charlotte,8.9,136,The Field,Maintaining,,"Charlotte has 16 FBS seasons: 36-79, 1 winning season in 10. Too little to set against the Brands yet.","Charlotte has 16 seasons at this level — too little to set a target against the National Brands. The near-term markers are the ordinary ones: a winning record most years, a conference title, the odd ranked week.",Football since 2013 and a fast climb into the American.
