# The team-panel tagline — history / peak eras, fan-proud, ≤ ~12 words. No disputed claims.
# Programs without a row show no tagline. Add freely.
school,text
Kentucky,"8 NCAA titles and 17 Final Fours, from Rupp to Calipari."
North Carolina,6 NCAA titles and a record 21 Final Fours.
Duke,"5 NCAA titles, 18 Final Fours — Coach K's forty-two-year standard."
UCLA,"11 NCAA titles, 10 of them in John Wooden's 12-year run."
Kansas,"Where the game's inventor coached — 4 NCAA titles, 16 Final Fours."
Indiana,"5 NCAA titles, including the last unbeaten champion (1976)."
Arizona,"Lute Olson's national power — the 1997 title, 25 straight tournaments."
UConn,6 NCAA titles since 1999 — back-to-back in 2023 and 2024.
Louisville,Two Denny Crum titles and eight official Final Fours.
Villanova,"Three titles — the 1985 upset of Georgetown, then 2016 and 2018."
Michigan State,"Magic's 1979 title, Izzo's 2000 title, 10 Final Fours."
Michigan,"Champions in 1989 and 2026, and the Fab Five in between."
Florida,"Back-to-back in 2006–07, then a third title in 2025."
Cincinnati,"Back-to-back champions in 1961–62, Oscar Robertson's school."
Purdue,The Big Ten's regular-season kings — and Zach Edey's two player-of-the-year awards.
Ohio State,"The 1960 champions of Lucas and Havlicek, 10 Final Fours all told."
Syracuse,"The 2003 title with Carmelo Anthony, six Final Fours."
Houston,"Phi Slama Jama, seven Final Fours and a 2025 title game."
Georgetown,John Thompson's Hoyas — the 1984 title and three Final Fours in four years.
Gonzaga,From the West Coast Conference to two national title games in five years.
Arkansas,The 1994 champions — Forty Minutes of Hell.
NC State,"Champions in 1974 and in 1983, Valvano's miracle."
Oklahoma State,Back-to-back champions in 1945–46 as Oklahoma A&M.
Marquette,Al McGuire's 1977 champions.
Maryland,Gary Williams's 2002 champions.
Wisconsin,"1941 national champions; Final Fours in 2000, 2014 and 2015."
San Francisco,"Bill Russell's back-to-back champions, 1955–56."
UTEP,The 1966 champions — Texas Western's all-Black starting five.
La Salle,Tom Gola's 1954 champions.
Holy Cross,Bob Cousy's school and the 1947 champions.
Loyola Chicago,The 1963 champions and a 2018 Final Four run.
Baylor,The 2021 champions under Scott Drew.
Virginia,"The 2019 champions, a year after the first 16-over-1 loss."
Oregon,"Winners of the first NCAA tournament, 1939."
Stanford,1942 national champions.
Utah,1944 national champions.
Wyoming,1943 national champions.
UNLV,"Jerry Tarkanian's 1990 champions, who routed Duke by 30."
