# One (school, season): weeks in the AP Top 20/25, top-10 / top-5 / #1 weeks, final rank.
# 1949-50 → 2015-16 every weekly poll (Sports-Reference). 2016-17 on: the AP rank ESPN carries on each
# game, one reading per poll week; the final (post-conference-tournament) poll carries the last week.
school,season,weeks_poll,weeks_top10,weeks_top5,weeks_no1,final_rank
Air Force,2004,1,0,0,0,0.0
Air Force,2007,12,0,0,0,0.0
Alabama,1955,12,0,0,0,12.0
Alabama,1956,15,8,4,0,5.0
Alabama,1957,2,1,0,0,0.0
Alabama,1973,9,3,0,0,0.0
Alabama,1974,18,9,0,0,14.0
Alabama,1975,19,16,1,0,10.0
Alabama,1976,17,9,0,0,6.0
Alabama,1977,17,12,7,0,11.0
Alabama,1978,3,0,0,0,0.0
Alabama,1979,6,0,0,0,0.0
Alabama,1982,16,2,0,0,13.0
Alabama,1983,8,5,1,0,0.0
Alabama,1986,2,0,0,0,0.0
Alabama,1987,12,6,0,0,9.0
Alabama,1989,1,0,0,0,20.0
Alabama,1990,9,0,0,0,23.0
Alabama,1991,7,2,0,0,19.0
Alabama,1992,18,1,0,0,13.0
Alabama,1995,9,0,0,0,20.0
Alabama,1997,3,0,0,0,0.0
Alabama,2001,13,0,0,0,0.0
Alabama,2002,18,7,2,0,8.0
Alabama,2003,13,10,8,2,0.0
Alabama,2005,19,0,0,0,21.0
Alabama,2006,5,0,0,0,0.0
Alabama,2007,16,9,1,0,0.0
Alabama,2012,6,0,0,0,0.0
Alabama,2018,2,0,0,0,0.0
Alabama,2021,9,7,0,0,6.0
Alabama,2022,13,4,0,0,0.0
Alabama,2023,19,15,11,1,4.0
Alabama,2024,12,0,0,0,19.0
Alabama,2025,20,20,13,0,5.0
Alabama,2026,18,2,0,0,15.0
Arizona,1951,8,0,0,0,12.0
Arizona,1974,8,0,0,0,0.0
Arizona,1975,15,2,0,0,0.0
Arizona,1976,5,1,0,0,15.0
Arizona,1977,15,4,0,0,0.0
Arizona,1985,1,0,0,0,0.0
Arizona,1987,2,0,0,0,0.0
Arizona,1988,17,16,15,6,2.0
Arizona,1989,18,15,7,4,1.0
Arizona,1990,17,2,1,0,14.0
Arizona,1991,17,17,9,0,8.0
Arizona,1992,18,17,9,0,10.0
Arizona,1993,18,11,5,0,5.0
Arizona,1994,18,7,0,0,9.0
Arizona,1995,18,9,2,0,15.0
Arizona,1996,17,6,4,0,11.0
Arizona,1997,18,7,0,0,15.0
Arizona,1998,18,18,14,3,4.0
Arizona,1999,18,11,0,0,12.0
Arizona,2000,19,19,13,0,4.0
Arizona,2001,19,13,6,3,5.0
Arizona,2002,17,7,1,0,7.0
Arizona,2003,19,19,19,13,2.0
Arizona,2004,18,10,5,0,22.0
Arizona,2005,19,6,0,0,9.0
Arizona,2006,8,3,0,0,0.0
Arizona,2007,15,6,0,0,0.0
Arizona,2008,7,0,0,0,0.0
Arizona,2011,7,1,0,0,17.0
Arizona,2012,3,0,0,0,0.0
Arizona,2013,19,13,4,0,21.0
Arizona,2014,20,20,18,8,4.0
Arizona,2015,19,19,10,0,5.0
Arizona,2016,19,4,0,0,17.0
Arizona,2017,19,11,3,0,7.0
Arizona,2018,17,4,3,0,15.0
Arizona,2020,13,0,0,0,0.0
Arizona,2022,17,14,8,0,2.0
Arizona,2023,19,15,6,0,8.0
Arizona,2024,20,17,10,2,6.0
Arizona,2025,9,2,0,0,0.0
Arizona,2026,20,19,19,10,2.0
Arizona State,1962,1,1,0,0,0.0
Arizona State,1963,12,12,11,0,4.0
Arizona State,1964,2,2,1,0,0.0
Arizona State,1972,1,0,0,0,0.0
Arizona State,1973,1,0,0,0,16.0
Arizona State,1974,1,0,0,0,0.0
Arizona State,1975,14,11,0,0,8.0
Arizona State,1976,4,0,0,0,0.0
Arizona State,1980,5,0,0,0,18.0
Arizona State,1981,14,8,6,0,3.0
Arizona State,1992,2,0,0,0,0.0
Arizona State,1995,16,0,0,0,16.0
Arizona State,2008,2,0,0,0,0.0
Arizona State,2009,19,0,0,0,19.0
Arizona State,2018,11,4,4,0,0.0
Arizona State,2019,4,0,0,0,0.0
Arizona State,2021,3,0,0,0,0.0
Arizona State,2023,1,0,0,0,0.0
Arkansas,1958,3,0,0,0,0.0
Arkansas,1977,14,3,0,0,18.0
Arkansas,1978,17,17,12,1,5.0
Arkansas,1979,12,5,1,0,5.0
Arkansas,1980,3,0,0,0,0.0
Arkansas,1981,8,0,0,0,20.0
Arkansas,1982,16,5,1,0,12.0
Arkansas,1983,17,10,2,0,9.0
Arkansas,1984,9,2,0,0,8.0
Arkansas,1985,2,0,0,0,0.0
Arkansas,1987,1,0,0,0,0.0
Arkansas,1990,17,10,2,0,7.0
Arkansas,1991,17,17,17,0,2.0
Arkansas,1992,18,10,3,0,9.0
Arkansas,1993,15,4,0,0,12.0
Arkansas,1994,18,18,17,9,2.0
Arkansas,1995,18,17,10,2,6.0
Arkansas,1996,2,0,0,0,0.0
Arkansas,1997,8,0,0,0,0.0
Arkansas,1998,15,0,0,0,17.0
Arkansas,1999,15,0,0,0,17.0
Arkansas,2001,7,0,0,0,0.0
Arkansas,2008,2,0,0,0,0.0
Arkansas,2015,10,0,0,0,21.0
Arkansas,2018,1,0,0,0,0.0
Arkansas,2021,5,2,0,0,8.0
Arkansas,2022,11,1,0,0,15.0
Arkansas,2023,11,7,0,0,0.0
Arkansas,2024,3,0,0,0,0.0
Arkansas,2025,5,0,0,0,0.0
Arkansas,2026,20,0,0,0,17.0
Army,1971,1,0,0,0,0.0
Auburn,1955,1,0,0,0,0.0
Auburn,1958,3,0,0,0,16.0
Auburn,1959,14,12,6,0,8.0
Auburn,1960,5,0,0,0,11.0
Auburn,1961,4,3,0,0,0.0
Auburn,1963,2,2,0,0,0.0
Auburn,1975,2,0,0,0,0.0
Auburn,1976,4,0,0,0,0.0
Auburn,1977,1,0,0,0,0.0
Auburn,1983,1,0,0,0,0.0
Auburn,1984,3,0,0,0,0.0
Auburn,1986,3,1,0,0,0.0
Auburn,1987,11,6,2,0,0.0
Auburn,1988,1,0,0,0,0.0
Auburn,1996,3,0,0,0,0.0
Auburn,1999,13,9,5,0,4.0
Auburn,2000,18,14,7,0,24.0
Auburn,2003,1,0,0,0,0.0
Auburn,2018,10,2,0,0,16.0
Auburn,2019,14,6,0,0,22.0
Auburn,2020,18,4,2,0,0.0
Auburn,2022,19,11,10,3,4.0
Auburn,2023,13,0,0,0,0.0
Auburn,2024,12,1,0,0,12.0
Auburn,2025,20,19,19,8,3.0
Auburn,2026,7,0,0,0,0.0
Austin Peay,1973,1,0,0,0,19.0
Austin Peay,1974,2,0,0,0,0.0
BYU,1951,8,0,0,0,11.0
BYU,1954,1,0,0,0,0.0
BYU,1956,4,3,1,0,0.0
BYU,1965,3,2,0,0,9.0
BYU,1966,3,3,0,0,0.0
BYU,1967,2,2,0,0,0.0
BYU,1971,1,0,0,0,20.0
BYU,1972,16,9,0,0,9.0
BYU,1973,6,0,0,0,0.0
BYU,1980,15,0,0,0,12.0
BYU,1981,16,0,0,0,16.0
BYU,1982,1,0,0,0,0.0
BYU,1988,9,4,1,0,19.0
BYU,1993,4,0,0,0,0.0
BYU,2007,3,0,0,0,24.0
BYU,2008,6,0,0,0,0.0
BYU,2009,1,0,0,0,0.0
BYU,2010,11,0,0,0,17.0
BYU,2011,19,9,1,0,10.0
BYU,2020,5,0,0,0,14.0
BYU,2022,3,0,0,0,0.0
BYU,2024,16,0,0,0,20.0
BYU,2025,4,0,0,0,17.0
BYU,2026,17,10,0,0,0.0
Ball State,1989,4,0,0,0,18.0
Ball State,2002,4,0,0,0,0.0
Baylor,1969,2,0,0,0,0.0
Baylor,2008,2,0,0,0,0.0
Baylor,2009,7,0,0,0,0.0
Baylor,2010,10,0,0,0,19.0
Baylor,2011,7,2,0,0,0.0
Baylor,2012,19,15,3,0,9.0
Baylor,2013,3,0,0,0,0.0
Baylor,2014,13,2,0,0,23.0
Baylor,2015,13,0,0,0,16.0
Baylor,2016,17,0,0,0,21.0
Baylor,2017,17,15,8,1,9.0
Baylor,2018,8,0,0,0,0.0
Baylor,2020,18,12,9,5,0.0
Baylor,2021,17,17,17,0,2.0
Baylor,2022,19,19,12,5,3.0
Baylor,2023,18,9,2,0,10.0
Baylor,2024,20,5,0,0,14.0
Baylor,2025,8,1,0,0,0.0
Boise State,2015,1,0,0,0,0.0
Boston College,1967,3,3,0,0,9.0
Boston College,1968,5,5,0,0,0.0
Boston College,1969,2,0,0,0,16.0
Boston College,1983,5,0,0,0,11.0
Boston College,1984,9,2,0,0,0.0
Boston College,1985,3,0,0,0,0.0
Boston College,1993,2,0,0,0,0.0
Boston College,1994,7,0,0,0,0.0
Boston College,1996,7,0,0,0,0.0
Boston College,1997,11,0,0,0,23.0
Boston College,2001,10,4,0,0,7.0
Boston College,2002,10,1,0,0,0.0
Boston College,2004,1,0,0,0,25.0
Boston College,2005,11,8,4,0,14.0
Boston College,2006,19,4,0,0,7.0
Boston College,2007,4,0,0,0,0.0
Boston College,2009,1,0,0,0,0.0
Bowling Green,1950,1,0,0,0,0.0
Bowling Green,1962,11,11,0,0,8.0
Bradley,1950,10,10,8,3,1.0
Bradley,1951,12,12,9,2,6.0
Bradley,1954,2,1,0,0,7.0
Bradley,1957,9,6,2,0,19.0
Bradley,1958,14,4,1,0,14.0
Bradley,1959,13,11,1,0,4.0
Bradley,1960,12,12,11,0,4.0
Bradley,1961,13,13,12,0,6.0
Bradley,1962,9,9,2,0,5.0
Bradley,1965,1,0,0,0,0.0
Bradley,1966,8,8,4,0,0.0
Bradley,1967,1,1,0,0,0.0
Bradley,1968,1,1,0,0,0.0
Bradley,1986,9,1,0,0,14.0
Bradley,1988,7,0,0,0,11.0
Bucknell,2006,1,0,0,0,0.0
Buffalo,2019,19,0,0,0,18.0
Butler,2002,3,0,0,0,0.0
Butler,2007,16,1,0,0,21.0
Butler,2008,19,3,0,0,11.0
Butler,2009,12,0,0,0,22.0
Butler,2010,14,0,0,0,11.0
Butler,2011,2,0,0,0,0.0
Butler,2013,11,2,0,0,0.0
Butler,2015,11,0,0,0,24.0
Butler,2016,9,2,0,0,0.0
Butler,2017,16,0,0,0,18.0
Butler,2020,12,2,1,0,0.0
California,1953,6,0,0,0,0.0
California,1954,6,0,0,0,0.0
California,1957,8,0,0,0,13.0
California,1958,2,0,0,0,0.0
California,1959,11,0,0,0,11.0
California,1960,12,12,12,0,2.0
California,1969,3,0,0,0,0.0
California,1993,3,0,0,0,0.0
California,1994,14,1,0,0,16.0
California,1995,4,0,0,0,0.0
California,1996,3,0,0,0,0.0
California,1997,1,0,0,0,0.0
California,1999,1,0,0,0,0.0
California,2002,2,0,0,0,0.0
California,2003,7,0,0,0,0.0
California,2009,1,0,0,0,0.0
California,2010,2,0,0,0,0.0
California,2012,4,0,0,0,0.0
California,2016,6,0,0,0,23.0
California,2017,1,0,0,0,0.0
Canisius,1957,11,1,0,0,20.0
Charleston,1997,5,0,0,0,16.0
Charleston,1999,6,0,0,0,16.0
Charleston,2003,1,0,0,0,0.0
Charleston,2023,4,0,0,0,0.0
Charlotte,1977,4,0,0,0,17.0
Charlotte,1992,10,0,0,0,0.0
Charlotte,1998,3,0,0,0,0.0
Charlotte,1999,1,0,0,0,24.0
Charlotte,2005,4,0,0,0,0.0
Chattanooga,1983,3,0,0,0,15.0
Cincinnati,1950,2,0,0,0,0.0
Cincinnati,1951,10,0,0,0,17.0
Cincinnati,1955,3,0,0,0,0.0
Cincinnati,1956,4,0,0,0,0.0
Cincinnati,1958,14,13,12,0,2.0
Cincinnati,1959,14,14,10,2,5.0
Cincinnati,1960,12,12,12,12,1.0
Cincinnati,1961,5,5,5,0,2.0
Cincinnati,1962,14,14,14,0,2.0
Cincinnati,1963,16,16,16,16,1.0
Cincinnati,1964,7,7,4,0,0.0
Cincinnati,1966,4,4,0,0,7.0
Cincinnati,1967,6,6,0,0,0.0
Cincinnati,1969,8,5,0,0,0.0
Cincinnati,1970,1,0,0,0,0.0
Cincinnati,1974,2,0,0,0,0.0
Cincinnati,1975,4,0,0,0,13.0
Cincinnati,1976,17,6,0,0,12.0
Cincinnati,1977,16,8,5,0,0.0
Cincinnati,1978,8,4,0,0,0.0
Cincinnati,1992,6,0,0,0,12.0
Cincinnati,1993,18,7,1,0,7.0
Cincinnati,1994,13,0,0,0,25.0
Cincinnati,1995,10,1,0,0,0.0
Cincinnati,1996,18,13,7,0,7.0
Cincinnati,1997,18,16,5,3,10.0
Cincinnati,1998,8,1,0,0,9.0
Cincinnati,1999,18,14,10,0,11.0
Cincinnati,2000,19,19,18,12,7.0
Cincinnati,2001,9,0,0,0,0.0
Cincinnati,2002,13,10,7,0,5.0
Cincinnati,2003,4,0,0,0,0.0
Cincinnati,2004,18,4,0,0,11.0
Cincinnati,2005,14,0,0,0,23.0
Cincinnati,2006,1,0,0,0,0.0
Cincinnati,2010,3,0,0,0,0.0
Cincinnati,2011,4,0,0,0,0.0
Cincinnati,2012,2,0,0,0,0.0
Cincinnati,2013,13,1,0,0,0.0
Cincinnati,2014,10,3,0,0,15.0
Cincinnati,2016,6,0,0,0,0.0
Cincinnati,2017,16,0,0,0,15.0
Cincinnati,2018,19,7,1,0,8.0
Cincinnati,2019,5,0,0,0,24.0
Cincinnati,2025,9,0,0,0,0.0
Clemson,1975,6,0,0,0,0.0
Clemson,1977,12,1,0,0,0.0
Clemson,1980,8,1,0,0,0.0
Clemson,1981,3,0,0,0,0.0
Clemson,1987,10,2,0,0,13.0
Clemson,1990,4,0,0,0,17.0
Clemson,1995,1,0,0,0,0.0
Clemson,1996,6,0,0,0,0.0
Clemson,1997,18,12,4,0,14.0
Clemson,1998,9,2,2,0,0.0
Clemson,1999,9,0,0,0,0.0
Clemson,2007,6,0,0,0,0.0
Clemson,2008,11,0,0,0,22.0
Clemson,2009,14,3,0,0,24.0
Clemson,2010,8,0,0,0,0.0
Clemson,2018,11,0,0,0,19.0
Clemson,2019,3,0,0,0,0.0
Clemson,2021,4,0,0,0,0.0
Clemson,2023,3,0,0,0,0.0
Clemson,2024,6,0,0,0,0.0
Clemson,2025,8,2,0,0,10.0
Clemson,2026,5,0,0,0,0.0
Cleveland State,1987,1,0,0,0,0.0
Colorado,1953,1,0,0,0,0.0
Colorado,1955,1,0,0,0,15.0
Colorado,1961,1,0,0,0,0.0
Colorado,1962,3,3,0,0,9.0
Colorado,1963,6,6,0,0,10.0
Colorado,1969,7,0,0,0,18.0
Colorado,1970,4,1,0,0,0.0
Colorado,1997,8,0,0,0,24.0
Colorado,2013,2,0,0,0,0.0
Colorado,2014,6,0,0,0,0.0
Colorado,2020,13,0,0,0,0.0
Colorado,2021,3,0,0,0,23.0
Colorado,2024,2,0,0,0,0.0
Colorado State,1954,4,0,0,0,0.0
Colorado State,2013,2,0,0,0,0.0
Colorado State,2015,2,0,0,0,0.0
Colorado State,2022,3,0,0,0,23.0
Colorado State,2024,9,0,0,0,0.0
Columbia,1951,11,10,4,0,3.0
Columbia,1968,10,10,0,0,7.0
Columbia,1969,3,0,0,0,0.0
Columbia,1970,7,0,0,0,0.0
Cornell,1951,3,0,0,0,0.0
Creighton,1974,5,0,0,0,0.0
Creighton,1975,5,0,0,0,0.0
Creighton,2003,14,1,0,0,15.0
Creighton,2004,1,0,0,0,0.0
Creighton,2007,2,0,0,0,0.0
Creighton,2012,12,0,0,0,19.0
Creighton,2013,15,0,0,0,22.0
Creighton,2014,11,1,0,0,16.0
Creighton,2015,1,0,0,0,0.0
Creighton,2017,16,8,0,0,0.0
Creighton,2018,4,0,0,0,0.0
Creighton,2020,6,1,0,0,0.0
Creighton,2021,17,5,0,0,17.0
Creighton,2023,10,4,0,0,24.0
Creighton,2024,19,8,0,0,8.0
Creighton,2025,5,0,0,0,0.0
Creighton,2026,2,0,0,0,0.0
Dartmouth,1958,5,0,0,0,0.0
Davidson,1964,13,13,6,0,10.0
Davidson,1965,12,12,4,0,6.0
Davidson,1968,6,6,0,0,8.0
Davidson,1969,15,15,10,0,5.0
Davidson,1970,15,8,3,0,15.0
Davidson,2008,3,0,0,0,23.0
Davidson,2009,6,0,0,0,0.0
Davidson,2015,1,0,0,0,0.0
Davidson,2022,1,0,0,0,0.0
Dayton,1951,5,0,0,0,13.0
Dayton,1952,9,0,0,0,11.0
Dayton,1954,9,0,0,0,0.0
Dayton,1955,14,7,2,0,9.0
Dayton,1956,15,15,13,0,3.0
Dayton,1957,1,0,0,0,0.0
Dayton,1958,8,2,0,0,11.0
Dayton,1959,1,0,0,0,0.0
Dayton,1960,4,0,0,0,0.0
Dayton,1961,1,0,0,0,0.0
Dayton,1968,2,2,0,0,0.0
Dayton,1969,4,0,0,0,0.0
Dayton,1974,3,0,0,0,20.0
Dayton,2001,1,0,0,0,0.0
Dayton,2003,5,0,0,0,16.0
Dayton,2004,3,0,0,0,0.0
Dayton,2008,4,0,0,0,0.0
Dayton,2009,1,0,0,0,0.0
Dayton,2010,2,0,0,0,0.0
Dayton,2014,1,0,0,0,0.0
Dayton,2015,1,0,0,0,0.0
Dayton,2016,4,0,0,0,0.0
Dayton,2020,14,7,3,0,0.0
Dayton,2023,2,0,0,0,0.0
Dayton,2024,10,0,0,0,24.0
Dayton,2025,1,0,0,0,0.0
DePaul,1952,2,0,0,0,0.0
DePaul,1953,7,3,0,0,19.0
DePaul,1960,1,0,0,0,0.0
DePaul,1961,1,1,0,0,0.0
DePaul,1964,8,8,0,0,9.0
DePaul,1965,1,0,0,0,0.0
DePaul,1976,1,0,0,0,17.0
DePaul,1977,3,0,0,0,0.0
DePaul,1978,10,5,2,0,3.0
DePaul,1979,4,2,0,0,6.0
DePaul,1980,15,14,11,8,1.0
DePaul,1981,16,16,16,7,1.0
DePaul,1982,16,15,10,0,2.0
DePaul,1984,17,14,14,0,4.0
DePaul,1985,12,9,5,0,0.0
DePaul,1986,3,0,0,0,0.0
DePaul,1987,13,10,6,0,5.0
DePaul,1988,1,0,0,0,0.0
DePaul,1991,2,0,0,0,24.0
DePaul,1992,7,0,0,0,24.0
DePaul,2000,11,0,0,0,0.0
DePaul,2001,3,0,0,0,0.0
Detroit Mercy,1960,8,0,0,0,0.0
Detroit Mercy,1961,3,2,1,0,0.0
Detroit Mercy,1969,7,1,0,0,0.0
Detroit Mercy,1977,7,0,0,0,12.0
Detroit Mercy,1978,12,0,0,0,18.0
Detroit Mercy,1979,4,0,0,0,0.0
Drake,1961,2,0,0,0,0.0
Drake,1964,1,1,0,0,0.0
Drake,1969,2,0,0,0,11.0
Drake,1970,8,0,0,0,14.0
Drake,1971,7,5,0,0,18.0
Drake,1975,3,0,0,0,16.0
Drake,2008,9,0,0,0,14.0
Drake,2021,1,0,0,0,0.0
Duke,1952,4,0,0,0,12.0
Duke,1953,1,0,0,0,0.0
Duke,1954,12,4,0,0,15.0
Duke,1955,3,0,0,0,0.0
Duke,1956,13,6,0,0,17.0
Duke,1957,8,1,0,0,0.0
Duke,1958,6,5,0,0,10.0
Duke,1960,3,0,0,0,18.0
Duke,1961,13,13,4,0,10.0
Duke,1962,13,13,1,0,10.0
Duke,1963,16,16,13,0,2.0
Duke,1964,15,15,8,0,3.0
Duke,1965,15,15,2,0,10.0
Duke,1966,15,15,14,8,2.0
Duke,1967,2,2,1,0,0.0
Duke,1968,6,6,0,0,10.0
Duke,1969,3,1,0,0,0.0
Duke,1970,3,0,0,0,0.0
Duke,1971,2,0,0,0,0.0
Duke,1978,8,2,0,0,7.0
Duke,1979,17,16,11,6,11.0
Duke,1980,14,11,10,4,14.0
Duke,1984,5,0,0,0,14.0
Duke,1985,17,17,11,0,10.0
Duke,1986,17,17,15,3,1.0
Duke,1987,11,0,0,0,17.0
Duke,1988,17,15,4,0,5.0
Duke,1989,18,15,10,10,9.0
Duke,1990,17,11,4,0,15.0
Duke,1991,17,15,2,0,6.0
Duke,1992,18,18,18,18,1.0
Duke,1993,18,18,11,5,10.0
Duke,1994,18,18,15,1,6.0
Duke,1995,9,7,0,0,0.0
Duke,1996,6,0,0,0,0.0
Duke,1997,18,12,0,0,8.0
Duke,1998,18,18,18,7,3.0
Duke,1999,18,18,18,8,1.0
Duke,2000,19,14,9,1,1.0
Duke,2001,19,19,19,5,1.0
Duke,2002,18,18,18,14,1.0
Duke,2003,19,18,9,2,7.0
Duke,2004,18,18,16,4,6.0
Duke,2005,19,17,7,0,3.0
Duke,2006,19,19,19,14,1.0
Duke,2007,17,8,2,0,0.0
Duke,2008,20,17,5,0,9.0
Duke,2009,19,19,8,1,6.0
Duke,2010,19,18,5,0,3.0
Duke,2011,19,19,19,11,3.0
Duke,2012,19,19,6,0,8.0
Duke,2013,19,19,15,5,6.0
Duke,2014,20,15,4,0,8.0
Duke,2015,19,19,19,0,4.0
Duke,2016,17,7,2,0,19.0
Duke,2017,19,11,7,2,14.0
Duke,2018,19,18,16,5,5.0
Duke,2019,20,20,20,6,5.0
Duke,2020,18,17,9,2,0.0
Duke,2021,8,3,0,0,0.0
Duke,2022,19,19,8,1,7.0
Duke,2023,12,3,0,0,21.0
Duke,2024,20,11,1,0,11.0
Duke,2025,20,18,15,2,1.0
Duke,2026,20,20,15,4,1.0
Duquesne,1950,10,10,5,0,6.0
Duquesne,1951,3,0,0,0,0.0
Duquesne,1952,9,8,5,0,4.0
Duquesne,1953,4,1,0,0,9.0
Duquesne,1954,15,15,15,2,5.0
Duquesne,1955,14,14,9,0,6.0
Duquesne,1956,3,2,0,0,0.0
Duquesne,1962,9,9,2,0,0.0
Duquesne,1969,10,4,0,0,9.0
Duquesne,1970,2,1,0,0,0.0
Duquesne,1971,8,2,0,0,15.0
Duquesne,1972,1,0,0,0,0.0
East Tennessee State,1991,14,1,0,0,17.0
Eastern Kentucky,1952,1,0,0,0,0.0
Eastern Kentucky,1953,4,0,0,0,0.0
Eastern Michigan,1996,3,0,0,0,0.0
Florida,1967,2,2,0,0,0.0
Florida,1969,1,0,0,0,0.0
Florida,1987,5,0,0,0,0.0
Florida,1988,9,3,0,0,0.0
Florida,1989,3,0,0,0,0.0
Florida,1990,4,0,0,0,0.0
Florida,1994,7,0,0,0,14.0
Florida,1995,12,6,0,0,0.0
Florida,1999,6,0,0,0,23.0
Florida,2000,19,13,0,0,13.0
Florida,2001,19,13,3,0,8.0
Florida,2002,18,16,8,0,15.0
Florida,2003,19,14,6,1,10.0
Florida,2004,13,4,2,1,0.0
Florida,2005,5,0,0,0,16.0
Florida,2006,17,11,6,0,11.0
Florida,2007,19,19,17,8,3.0
Florida,2008,2,0,0,0,0.0
Florida,2009,5,0,0,0,0.0
Florida,2010,4,1,0,0,0.0
Florida,2011,12,2,0,0,15.0
Florida,2012,19,6,0,0,25.0
Florida,2013,19,14,4,0,14.0
Florida,2014,20,12,8,4,1.0
Florida,2015,3,2,0,0,0.0
Florida,2017,14,0,0,0,17.0
Florida,2018,9,4,1,0,23.0
Florida,2020,3,1,0,0,0.0
Florida,2021,1,0,0,0,0.0
Florida,2022,4,0,0,0,0.0
Florida,2024,2,0,0,0,0.0
Florida,2025,20,15,9,0,4.0
Florida,2026,19,8,4,0,4.0
Florida Atlantic,2023,4,0,0,0,0.0
Florida Atlantic,2024,15,3,0,0,0.0
Florida State,1970,7,3,0,0,11.0
Florida State,1971,1,0,0,0,0.0
Florida State,1972,14,4,0,0,10.0
Florida State,1973,8,4,3,0,0.0
Florida State,1976,1,0,0,0,0.0
Florida State,1978,9,0,0,0,15.0
Florida State,1989,18,3,0,0,16.0
Florida State,1992,8,0,0,0,20.0
Florida State,1993,16,8,0,0,11.0
Florida State,1994,1,0,0,0,0.0
Florida State,1998,8,0,0,0,0.0
Florida State,2009,5,0,0,0,16.0
Florida State,2010,4,0,0,0,0.0
Florida State,2011,1,0,0,0,0.0
Florida State,2012,10,1,0,0,10.0
Florida State,2013,1,0,0,0,0.0
Florida State,2017,15,3,0,0,16.0
Florida State,2018,6,0,0,0,0.0
Florida State,2019,19,1,0,0,12.0
Florida State,2020,14,9,2,0,0.0
Florida State,2021,13,0,0,0,15.0
Florida State,2022,1,0,0,0,0.0
Fordham,1952,1,0,0,0,0.0
Fordham,1953,6,4,0,0,0.0
Fordham,1954,3,3,0,0,0.0
Fordham,1971,9,3,0,0,9.0
Fresno State,1982,7,0,0,0,11.0
Fresno State,1984,6,0,0,0,0.0
Fresno State,1997,6,0,0,0,0.0
Fresno State,1998,5,0,0,0,0.0
Fresno State,2001,5,0,0,0,0.0
Fresno State,2002,3,0,0,0,0.0
Furman,2019,3,0,0,0,0.0
George Washington,1954,11,8,0,0,12.0
George Washington,1955,13,10,1,0,14.0
George Washington,1956,8,1,0,0,0.0
George Washington,1994,8,0,0,0,0.0
George Washington,1996,1,0,0,0,0.0
George Washington,1997,3,0,0,0,0.0
George Washington,1998,3,0,0,0,0.0
George Washington,2005,6,0,0,0,0.0
George Washington,2006,19,6,0,0,14.0
George Washington,2016,2,0,0,0,0.0
Georgetown,1953,1,0,0,0,0.0
Georgetown,1978,8,0,0,0,0.0
Georgetown,1979,14,2,0,0,0.0
Georgetown,1980,9,0,0,0,11.0
Georgetown,1981,2,0,0,0,0.0
Georgetown,1982,14,4,1,0,6.0
Georgetown,1983,16,5,4,0,20.0
Georgetown,1984,17,17,16,0,2.0
Georgetown,1985,17,17,17,12,1.0
Georgetown,1986,17,7,3,0,13.0
Georgetown,1987,16,8,1,0,4.0
Georgetown,1988,12,0,0,0,0.0
Georgetown,1989,18,18,15,0,2.0
Georgetown,1990,17,17,14,0,8.0
Georgetown,1991,14,4,1,0,0.0
Georgetown,1992,13,0,0,0,22.0
Georgetown,1993,12,1,0,0,0.0
Georgetown,1994,3,0,0,0,0.0
Georgetown,1995,16,2,0,0,22.0
Georgetown,1996,18,16,4,0,4.0
Georgetown,2001,14,2,0,0,21.0
Georgetown,2002,8,0,0,0,0.0
Georgetown,2006,8,0,0,0,23.0
Georgetown,2007,10,5,0,0,8.0
Georgetown,2008,20,17,8,0,8.0
Georgetown,2009,12,1,0,0,0.0
Georgetown,2010,19,4,0,0,14.0
Georgetown,2011,18,4,0,0,0.0
Georgetown,2012,15,5,0,0,15.0
Georgetown,2013,13,3,1,0,8.0
Georgetown,2015,5,0,0,0,22.0
Georgia,1970,1,0,0,0,0.0
Georgia,1982,1,0,0,0,0.0
Georgia,1983,2,0,0,0,18.0
Georgia,1984,9,1,0,0,0.0
Georgia,1985,4,0,0,0,19.0
Georgia,1989,1,0,0,0,0.0
Georgia,1990,2,0,0,0,0.0
Georgia,1991,6,0,0,0,0.0
Georgia,1996,5,0,0,0,0.0
Georgia,1997,4,0,0,0,17.0
Georgia,1998,6,0,0,0,0.0
Georgia,2001,1,0,0,0,0.0
Georgia,2002,9,0,0,0,23.0
Georgia,2003,14,0,0,0,25.0
Georgia,2011,1,0,0,0,0.0
Georgia,2025,1,0,0,0,0.0
Georgia,2026,6,0,0,0,0.0
Georgia Tech,1958,1,0,0,0,0.0
Georgia Tech,1960,12,11,0,0,13.0
Georgia Tech,1961,1,0,0,0,0.0
Georgia Tech,1963,7,7,0,0,0.0
Georgia Tech,1984,2,0,0,0,0.0
Georgia Tech,1985,17,10,0,0,6.0
Georgia Tech,1986,17,17,12,1,6.0
Georgia Tech,1987,6,1,0,0,0.0
Georgia Tech,1988,4,0,0,0,0.0
Georgia Tech,1989,10,0,0,0,0.0
Georgia Tech,1990,17,3,0,0,9.0
Georgia Tech,1991,7,0,0,0,0.0
Georgia Tech,1992,12,0,0,0,0.0
Georgia Tech,1993,13,2,0,0,18.0
Georgia Tech,1994,13,0,0,0,0.0
Georgia Tech,1995,15,0,0,0,0.0
Georgia Tech,1996,10,0,0,0,13.0
Georgia Tech,1998,2,0,0,0,0.0
Georgia Tech,2004,16,5,3,0,14.0
Georgia Tech,2005,14,10,6,0,25.0
Georgia Tech,2007,5,0,0,0,0.0
Georgia Tech,2010,10,0,0,0,0.0
Gonzaga,2000,7,0,0,0,0.0
Gonzaga,2002,14,6,0,0,6.0
Gonzaga,2003,3,0,0,0,0.0
Gonzaga,2004,18,9,4,0,3.0
Gonzaga,2005,18,1,0,0,10.0
Gonzaga,2006,19,19,7,0,5.0
Gonzaga,2007,4,0,0,0,0.0
Gonzaga,2008,11,0,0,0,24.0
Gonzaga,2009,17,8,2,0,10.0
Gonzaga,2010,15,0,0,0,22.0
Gonzaga,2011,3,0,0,0,0.0
Gonzaga,2012,10,0,0,0,0.0
Gonzaga,2013,19,12,5,2,1.0
Gonzaga,2014,12,0,0,0,0.0
Gonzaga,2015,19,17,7,0,7.0
Gonzaga,2016,6,3,0,0,0.0
Gonzaga,2017,19,16,11,4,4.0
Gonzaga,2018,19,5,0,0,6.0
Gonzaga,2019,20,20,17,6,1.0
Gonzaga,2020,20,20,14,3,2.0
Gonzaga,2021,17,17,17,17,1.0
Gonzaga,2022,19,19,19,9,1.0
Gonzaga,2023,19,10,2,0,9.0
Gonzaga,2024,14,2,0,0,17.0
Gonzaga,2025,11,6,3,0,0.0
Gonzaga,2026,20,10,0,0,12.0
Green Bay,1996,3,0,0,0,0.0
Harvard,2012,4,0,0,0,0.0
Harvard,2015,1,0,0,0,0.0
Hawaii,1972,11,0,0,0,0.0
Hawaii,1974,1,0,0,0,0.0
Hawaii,1998,3,0,0,0,0.0
Hawaii,2002,1,0,0,0,25.0
Holy Cross,1950,10,10,9,5,4.0
Holy Cross,1952,8,0,0,0,13.0
Holy Cross,1953,8,3,1,0,13.0
Holy Cross,1954,15,11,1,0,3.0
Holy Cross,1955,5,1,1,0,0.0
Holy Cross,1956,15,2,0,0,14.0
Holy Cross,1960,5,0,0,0,16.0
Holy Cross,1978,9,0,0,0,0.0
Houston,1956,4,0,0,0,0.0
Houston,1967,15,15,6,0,7.0
Houston,1968,16,16,16,8,1.0
Houston,1969,4,2,0,0,0.0
Houston,1970,14,4,0,0,12.0
Houston,1971,6,0,0,0,14.0
Houston,1972,6,1,0,0,0.0
Houston,1973,16,6,0,0,13.0
Houston,1974,2,0,0,0,0.0
Houston,1975,1,0,0,0,0.0
Houston,1978,1,0,0,0,0.0
Houston,1982,5,1,0,0,0.0
Houston,1983,17,9,5,3,1.0
Houston,1984,17,17,11,0,5.0
Houston,1993,1,0,0,0,0.0
Houston,2006,1,0,0,0,0.0
Houston,2018,4,0,0,0,21.0
Houston,2019,15,3,0,0,11.0
Houston,2020,7,0,0,0,0.0
Houston,2021,17,13,2,0,7.0
Houston,2022,19,4,0,0,18.0
Houston,2023,19,19,19,8,1.0
Houston,2024,20,20,16,4,1.0
Houston,2025,20,14,7,0,2.0
Houston,2026,20,20,9,1,5.0
Idaho,1953,2,0,0,0,0.0
Idaho,1954,3,0,0,0,0.0
Idaho,1982,10,4,0,0,8.0
Illinois,1950,2,0,0,0,0.0
Illinois,1951,10,3,1,0,5.0
Illinois,1952,13,13,12,1,2.0
Illinois,1953,14,12,7,0,11.0
Illinois,1954,9,4,2,0,19.0
Illinois,1955,14,8,2,0,18.0
Illinois,1956,14,13,4,0,10.0
Illinois,1957,10,8,2,0,0.0
Illinois,1958,1,0,0,0,0.0
Illinois,1959,2,0,0,0,0.0
Illinois,1960,8,3,0,0,0.0
Illinois,1961,1,0,0,0,0.0
Illinois,1963,15,15,8,0,8.0
Illinois,1965,3,3,0,0,0.0
Illinois,1969,11,7,1,0,20.0
Illinois,1970,5,1,0,0,0.0
Illinois,1971,2,0,0,0,0.0
Illinois,1972,1,0,0,0,0.0
Illinois,1979,9,5,3,0,0.0
Illinois,1980,1,0,0,0,0.0
Illinois,1981,12,0,0,0,19.0
Illinois,1984,12,10,0,0,6.0
Illinois,1985,17,10,3,0,12.0
Illinois,1986,10,3,0,0,19.0
Illinois,1987,16,6,1,0,11.0
Illinois,1988,7,0,0,0,16.0
Illinois,1989,18,18,10,1,3.0
Illinois,1990,17,10,4,0,18.0
Illinois,1994,9,0,0,0,0.0
Illinois,1995,3,0,0,0,0.0
Illinois,1996,6,0,0,0,0.0
Illinois,1997,7,0,0,0,19.0
Illinois,1998,4,0,0,0,22.0
Illinois,2000,13,0,0,0,21.0
Illinois,2001,19,18,7,0,4.0
Illinois,2002,18,11,4,0,13.0
Illinois,2003,16,3,0,0,11.0
Illinois,2004,13,0,0,0,13.0
Illinois,2005,19,19,18,15,1.0
Illinois,2006,19,12,0,0,13.0
Illinois,2009,7,0,0,0,0.0
Illinois,2010,3,0,0,0,0.0
Illinois,2011,12,0,0,0,0.0
Illinois,2012,4,0,0,0,0.0
Illinois,2013,8,2,0,0,0.0
Illinois,2014,1,0,0,0,0.0
Illinois,2015,1,0,0,0,0.0
Illinois,2020,6,0,0,0,0.0
Illinois,2021,17,9,6,0,3.0
Illinois,2022,13,1,0,0,16.0
Illinois,2023,7,0,0,0,0.0
Illinois,2024,19,4,0,0,13.0
Illinois,2025,11,0,0,0,24.0
Illinois,2026,20,8,1,0,9.0
Illinois State,1978,7,0,0,0,0.0
Illinois State,1983,3,0,0,0,0.0
Illinois State,1998,1,0,0,0,0.0
Indiana,1950,8,4,2,0,20.0
Indiana,1951,12,12,6,0,7.0
Indiana,1952,10,4,3,0,0.0
Indiana,1953,14,11,9,3,1.0
Indiana,1954,15,15,15,3,4.0
Indiana,1955,2,2,0,0,0.0
Indiana,1956,4,0,0,0,0.0
Indiana,1957,3,1,0,0,0.0
Indiana,1958,1,0,0,0,12.0
Indiana,1959,4,0,0,0,0.0
Indiana,1960,6,3,0,0,7.0
Indiana,1961,3,3,3,0,0.0
Indiana,1963,1,1,0,0,0.0
Indiana,1965,10,10,3,0,0.0
Indiana,1968,3,3,2,0,0.0
Indiana,1971,9,0,0,0,0.0
Indiana,1972,7,3,1,0,17.0
Indiana,1973,14,7,2,0,6.0
Indiana,1974,18,10,3,0,9.0
Indiana,1975,19,19,19,11,3.0
Indiana,1976,17,17,17,17,1.0
Indiana,1977,4,2,2,0,0.0
Indiana,1978,4,0,0,0,13.0
Indiana,1979,2,1,0,0,0.0
Indiana,1980,14,6,4,3,7.0
Indiana,1981,12,4,2,0,9.0
Indiana,1982,7,1,0,0,0.0
Indiana,1983,17,16,11,2,5.0
Indiana,1984,2,0,0,0,0.0
Indiana,1985,10,2,1,0,0.0
Indiana,1986,12,0,0,0,16.0
Indiana,1987,16,16,13,0,3.0
Indiana,1988,9,4,2,0,0.0
Indiana,1989,10,5,2,0,8.0
Indiana,1990,13,2,0,0,0.0
Indiana,1991,17,17,12,0,3.0
Indiana,1992,18,16,9,0,5.0
Indiana,1993,18,18,17,5,1.0
Indiana,1994,18,1,0,0,18.0
Indiana,1995,4,1,0,0,0.0
Indiana,1996,2,0,0,0,0.0
Indiana,1997,15,1,0,0,0.0
Indiana,1998,4,0,0,0,0.0
Indiana,1999,18,3,0,0,19.0
Indiana,2000,16,4,0,0,22.0
Indiana,2001,1,0,0,0,20.0
Indiana,2002,8,0,0,0,0.0
Indiana,2003,12,4,0,0,0.0
Indiana,2006,14,1,0,0,0.0
Indiana,2007,2,0,0,0,0.0
Indiana,2008,19,6,0,0,0.0
Indiana,2012,14,1,0,0,16.0
Indiana,2013,19,19,17,10,4.0
Indiana,2015,2,0,0,0,0.0
Indiana,2016,11,1,0,0,14.0
Indiana,2017,9,4,1,0,0.0
Indiana,2019,6,0,0,0,0.0
Indiana,2023,16,1,0,0,19.0
Indiana,2025,4,0,0,0,0.0
Indiana,2026,2,0,0,0,0.0
Indiana State,1978,8,6,1,0,0.0
Indiana State,1979,14,10,9,4,1.0
Indiana State,2024,1,0,0,0,0.0
Iona,1980,1,0,0,0,19.0
Iowa,1952,10,9,4,0,7.0
Iowa,1954,5,1,0,0,13.0
Iowa,1955,13,2,2,0,5.0
Iowa,1956,13,7,4,0,4.0
Iowa,1960,3,0,0,0,0.0
Iowa,1961,10,10,2,0,8.0
Iowa,1966,3,3,1,0,0.0
Iowa,1969,2,0,0,0,0.0
Iowa,1970,8,3,0,0,7.0
Iowa,1979,6,0,0,0,20.0
Iowa,1980,8,1,0,0,0.0
Iowa,1981,16,3,0,0,13.0
Iowa,1982,16,13,3,0,16.0
Iowa,1983,14,7,0,0,0.0
Iowa,1984,4,3,2,0,0.0
Iowa,1985,4,0,0,0,0.0
Iowa,1986,1,0,0,0,0.0
Iowa,1987,16,16,11,1,6.0
Iowa,1988,17,3,1,0,17.0
Iowa,1989,18,12,4,0,14.0
Iowa,1990,4,0,0,0,0.0
Iowa,1991,4,0,0,0,0.0
Iowa,1992,6,0,0,0,0.0
Iowa,1993,18,7,0,0,13.0
Iowa,1995,2,0,0,0,0.0
Iowa,1996,18,6,0,0,21.0
Iowa,1997,3,0,0,0,0.0
Iowa,1998,13,3,0,0,0.0
Iowa,1999,13,0,0,0,21.0
Iowa,2000,2,0,0,0,0.0
Iowa,2001,9,0,0,0,24.0
Iowa,2002,10,5,0,0,0.0
Iowa,2004,1,0,0,0,0.0
Iowa,2005,9,0,0,0,0.0
Iowa,2006,15,0,0,0,15.0
Iowa,2014,15,1,0,0,0.0
Iowa,2015,1,0,0,0,0.0
Iowa,2016,11,6,4,0,25.0
Iowa,2019,13,0,0,0,0.0
Iowa,2020,9,0,0,0,0.0
Iowa,2021,17,15,11,0,5.0
Iowa,2022,4,0,0,0,24.0
Iowa,2023,1,0,0,0,0.0
Iowa,2026,2,0,0,0,0.0
Iowa State,1956,3,1,0,0,0.0
Iowa State,1957,13,8,1,0,0.0
Iowa State,1958,1,0,0,0,0.0
Iowa State,1988,8,1,0,0,0.0
Iowa State,1992,2,0,0,0,0.0
Iowa State,1993,2,0,0,0,0.0
Iowa State,1995,12,0,0,0,24.0
Iowa State,1996,6,0,0,0,17.0
Iowa State,1997,18,11,4,0,18.0
Iowa State,2000,7,3,0,0,6.0
Iowa State,2001,14,5,0,0,10.0
Iowa State,2006,2,0,0,0,0.0
Iowa State,2012,1,0,0,0,0.0
Iowa State,2014,18,3,0,0,9.0
Iowa State,2015,19,3,0,0,9.0
Iowa State,2016,19,6,4,0,22.0
Iowa State,2017,8,0,0,0,23.0
Iowa State,2019,6,0,0,0,0.0
Iowa State,2022,10,2,0,0,0.0
Iowa State,2023,10,0,0,0,0.0
Iowa State,2024,10,6,0,0,7.0
Iowa State,2025,20,18,11,0,12.0
Iowa State,2026,20,16,8,0,7.0
Jacksonville,1970,14,11,1,0,4.0
Jacksonville,1971,16,15,4,0,11.0
Jacksonville,1972,6,1,0,0,0.0
Jacksonville,1973,9,0,0,0,0.0
Jacksonville,1974,4,0,0,0,0.0
James Madison,2024,8,0,0,0,0.0
Kansas,1950,1,0,0,0,19.0
Kansas,1951,6,1,0,0,0.0
Kansas,1952,13,13,6,3,8.0
Kansas,1953,11,6,3,0,3.0
Kansas,1954,11,1,1,0,18.0
Kansas,1955,2,0,0,0,0.0
Kansas,1956,1,0,0,0,0.0
Kansas,1957,14,14,14,6,2.0
Kansas,1958,14,14,11,0,7.0
Kansas,1959,1,1,0,0,0.0
Kansas,1961,2,0,0,0,0.0
Kansas,1964,1,1,0,0,0.0
Kansas,1965,1,0,0,0,0.0
Kansas,1966,12,12,2,0,4.0
Kansas,1967,11,11,3,0,3.0
Kansas,1968,2,2,2,0,0.0
Kansas,1969,15,6,4,0,19.0
Kansas,1970,1,0,0,0,0.0
Kansas,1971,16,12,9,0,4.0
Kansas,1972,1,0,0,0,0.0
Kansas,1974,10,2,0,0,7.0
Kansas,1975,6,3,0,0,0.0
Kansas,1978,15,10,1,0,10.0
Kansas,1979,9,5,3,0,0.0
Kansas,1980,2,0,0,0,0.0
Kansas,1981,1,0,0,0,0.0
Kansas,1984,1,0,0,0,0.0
Kansas,1985,17,4,0,0,13.0
Kansas,1986,17,17,9,0,2.0
Kansas,1987,14,2,0,0,20.0
Kansas,1988,9,1,0,0,0.0
Kansas,1989,6,0,0,0,0.0
Kansas,1990,16,16,16,4,5.0
Kansas,1991,7,2,0,0,12.0
Kansas,1992,18,16,12,0,2.0
Kansas,1993,18,18,12,2,9.0
Kansas,1994,18,15,8,1,13.0
Kansas,1995,18,17,11,1,5.0
Kansas,1996,18,18,18,3,4.0
Kansas,1997,18,18,18,15,1.0
Kansas,1998,18,18,18,0,2.0
Kansas,1999,14,5,0,0,22.0
Kansas,2000,18,8,1,0,0.0
Kansas,2001,19,17,9,0,12.0
Kansas,2002,18,18,16,4,2.0
Kansas,2003,19,10,4,0,6.0
Kansas,2004,18,5,2,1,16.0
Kansas,2005,19,18,14,2,12.0
Kansas,2006,5,0,0,0,12.0
Kansas,2007,19,16,7,0,2.0
Kansas,2008,20,20,19,0,4.0
Kansas,2009,11,1,0,0,14.0
Kansas,2010,19,19,19,15,1.0
Kansas,2011,19,19,15,1,2.0
Kansas,2012,19,10,5,0,6.0
Kansas,2013,19,17,6,0,3.0
Kansas,2014,20,14,5,0,10.0
Kansas,2015,19,14,2,0,10.0
Kansas,2016,19,19,17,5,1.0
Kansas,2017,19,19,18,3,1.0
Kansas,2018,19,14,6,0,9.0
Kansas,2019,20,12,9,3,17.0
Kansas,2020,18,18,17,3,0.0
Kansas,2021,16,9,4,0,11.0
Kansas,2022,19,19,5,0,6.0
Kansas,2023,19,19,12,0,3.0
Kansas,2024,20,17,12,3,16.0
Kansas,2025,16,10,5,5,0.0
Kansas,2026,18,2,0,0,14.0
Kansas State,1950,9,1,0,0,14.0
Kansas State,1951,11,10,5,0,4.0
Kansas State,1952,13,13,8,0,3.0
Kansas State,1953,14,13,8,3,12.0
Kansas State,1954,1,1,0,0,0.0
Kansas State,1956,1,0,0,0,0.0
Kansas State,1957,4,1,0,0,0.0
Kansas State,1958,14,14,14,4,3.0
Kansas State,1959,14,14,14,1,1.0
Kansas State,1960,1,0,0,0,0.0
Kansas State,1961,11,8,1,0,4.0
Kansas State,1962,14,14,12,0,6.0
Kansas State,1965,1,1,0,0,0.0
Kansas State,1966,1,1,0,0,0.0
Kansas State,1970,6,0,0,0,0.0
Kansas State,1973,16,1,0,0,9.0
Kansas State,1974,5,0,0,0,0.0
Kansas State,1975,3,0,0,0,15.0
Kansas State,1976,2,0,0,0,0.0
Kansas State,1977,1,0,0,0,16.0
Kansas State,1978,1,0,0,0,0.0
Kansas State,1980,2,0,0,0,0.0
Kansas State,1982,6,0,0,0,0.0
Kansas State,1988,2,0,0,0,20.0
Kansas State,1993,1,0,0,0,0.0
Kansas State,2008,8,0,0,0,0.0
Kansas State,2010,14,8,1,0,7.0
Kansas State,2011,12,6,5,0,21.0
Kansas State,2012,4,0,0,0,0.0
Kansas State,2013,12,2,0,0,12.0
Kansas State,2014,2,0,0,0,0.0
Kansas State,2017,1,0,0,0,0.0
Kansas State,2019,12,0,0,0,15.0
Kansas State,2023,10,2,1,0,12.0
Kent State,2008,1,0,0,0,0.0
Kentucky,1950,10,10,8,0,3.0
Kentucky,1951,12,12,12,9,1.0
Kentucky,1952,13,13,13,8,1.0
Kentucky,1954,15,15,15,10,1.0
Kentucky,1955,14,14,14,7,2.0
Kentucky,1956,15,12,4,0,9.0
Kentucky,1957,14,14,13,0,3.0
Kentucky,1958,14,10,2,0,9.0
Kentucky,1959,14,14,14,9,2.0
Kentucky,1960,5,0,0,0,0.0
Kentucky,1961,2,0,0,0,0.0
Kentucky,1962,12,12,11,0,3.0
Kentucky,1963,5,5,2,0,0.0
Kentucky,1964,15,15,14,1,4.0
Kentucky,1965,3,2,0,0,0.0
Kentucky,1966,12,12,11,5,1.0
Kentucky,1967,3,3,3,0,0.0
Kentucky,1968,15,15,7,0,5.0
Kentucky,1969,15,15,11,0,7.0
Kentucky,1970,15,15,15,6,1.0
Kentucky,1971,16,12,3,0,8.0
Kentucky,1972,10,3,0,0,18.0
Kentucky,1973,4,1,0,0,17.0
Kentucky,1974,2,2,0,0,0.0
Kentucky,1975,18,13,7,0,2.0
Kentucky,1976,5,2,0,0,0.0
Kentucky,1977,17,17,11,0,3.0
Kentucky,1978,17,17,17,14,1.0
Kentucky,1979,8,4,0,0,0.0
Kentucky,1980,15,15,14,0,4.0
Kentucky,1981,16,15,8,1,8.0
Kentucky,1982,16,13,7,0,15.0
Kentucky,1983,17,12,7,0,12.0
Kentucky,1984,17,17,15,1,3.0
Kentucky,1985,1,0,0,0,0.0
Kentucky,1986,17,8,3,0,3.0
Kentucky,1987,7,1,0,0,0.0
Kentucky,1988,17,16,9,3,6.0
Kentucky,1991,15,6,0,0,9.0
Kentucky,1992,18,8,1,0,6.0
Kentucky,1993,18,18,18,1,2.0
Kentucky,1994,18,17,8,1,7.0
Kentucky,1995,18,18,12,0,2.0
Kentucky,1996,18,18,18,5,2.0
Kentucky,1997,18,18,14,0,5.0
Kentucky,1998,18,18,4,0,5.0
Kentucky,1999,18,16,7,0,8.0
Kentucky,2000,16,0,0,0,19.0
Kentucky,2001,8,1,0,0,9.0
Kentucky,2002,18,11,1,0,16.0
Kentucky,2003,19,9,6,1,1.0
Kentucky,2004,18,17,5,0,2.0
Kentucky,2005,19,19,5,0,7.0
Kentucky,2006,9,4,0,0,0.0
Kentucky,2007,6,0,0,0,0.0
Kentucky,2008,1,0,0,0,0.0
Kentucky,2009,2,0,0,0,0.0
Kentucky,2010,19,19,19,1,2.0
Kentucky,2011,19,4,0,0,11.0
Kentucky,2012,19,19,19,10,1.0
Kentucky,2013,5,4,2,0,0.0
Kentucky,2014,18,5,5,2,0.0
Kentucky,2015,19,19,19,19,1.0
Kentucky,2016,19,9,6,2,10.0
Kentucky,2017,19,16,6,2,8.0
Kentucky,2018,14,7,1,0,0.0
Kentucky,2019,20,14,7,0,4.0
Kentucky,2020,18,11,2,1,0.0
Kentucky,2021,2,1,0,0,0.0
Kentucky,2022,19,11,5,0,5.0
Kentucky,2023,11,2,2,0,23.0
Kentucky,2024,20,9,0,0,9.0
Kentucky,2025,20,10,3,0,15.0
Kentucky,2026,6,2,0,0,0.0
LIU,1950,10,8,5,0,13.0
LIU,1951,10,7,6,0,0.0
LSU,1953,14,9,2,0,5.0
LSU,1954,14,4,1,0,14.0
LSU,1970,1,0,0,0,0.0
LSU,1971,1,0,0,0,0.0
LSU,1979,17,13,2,0,7.0
LSU,1980,15,13,5,0,3.0
LSU,1981,16,13,8,0,4.0
LSU,1982,1,0,0,0,0.0
LSU,1984,13,5,0,0,0.0
LSU,1985,9,0,0,0,20.0
LSU,1986,11,4,0,0,0.0
LSU,1989,2,0,0,0,0.0
LSU,1990,17,7,1,0,19.0
LSU,1991,17,1,0,0,22.0
LSU,1992,9,2,0,0,25.0
LSU,1994,1,0,0,0,0.0
LSU,2000,9,2,0,0,10.0
LSU,2003,3,0,0,0,0.0
LSU,2004,1,0,0,0,0.0
LSU,2006,7,0,0,0,19.0
LSU,2007,12,5,1,0,0.0
LSU,2009,5,0,0,0,21.0
LSU,2016,3,0,0,0,0.0
LSU,2019,12,3,0,0,9.0
LSU,2020,5,0,0,0,0.0
LSU,2022,9,0,0,0,0.0
La Salle,1950,10,6,0,0,10.0
La Salle,1951,3,0,0,0,0.0
La Salle,1952,8,1,0,0,0.0
La Salle,1953,14,14,13,2,6.0
La Salle,1954,13,5,1,0,2.0
La Salle,1955,14,14,14,2,3.0
La Salle,1956,1,0,0,0,0.0
La Salle,1958,1,0,0,0,0.0
La Salle,1960,2,0,0,0,0.0
La Salle,1969,13,7,4,0,2.0
La Salle,1971,7,1,0,0,0.0
La Salle,1975,7,2,0,0,0.0
La Salle,1976,1,0,0,0,0.0
La Salle,1990,13,0,0,0,12.0
Lamar,1981,1,0,0,0,0.0
Long Beach State,1970,1,0,0,0,19.0
Long Beach State,1971,5,0,0,0,16.0
Long Beach State,1972,16,15,5,0,5.0
Long Beach State,1973,16,16,10,0,3.0
Long Beach State,1974,18,12,0,0,10.0
Long Beach State,1979,3,0,0,0,0.0
Long Beach State,1993,1,0,0,0,0.0
Louisiana,1972,14,3,0,0,8.0
Louisiana,1973,16,7,0,0,7.0
Louisiana,1982,2,0,0,0,0.0
Louisiana Tech,1985,13,4,0,0,8.0
Louisiana Tech,2013,1,0,0,0,0.0
Louisville,1950,3,0,0,0,0.0
Louisville,1951,2,0,0,0,0.0
Louisville,1952,10,0,0,0,17.0
Louisville,1953,5,0,0,0,0.0
Louisville,1954,2,0,0,0,0.0
Louisville,1955,5,0,0,0,0.0
Louisville,1956,11,9,4,0,6.0
Louisville,1957,14,14,5,0,6.0
Louisville,1959,1,0,0,0,0.0
Louisville,1961,9,9,5,0,0.0
Louisville,1967,15,15,15,0,2.0
Louisville,1968,6,6,3,0,9.0
Louisville,1969,8,0,0,0,15.0
Louisville,1970,8,0,0,0,0.0
Louisville,1971,6,0,0,0,0.0
Louisville,1972,16,12,9,0,4.0
Louisville,1973,3,0,0,0,0.0
Louisville,1974,16,5,0,0,0.0
Louisville,1975,19,19,15,0,4.0
Louisville,1976,8,4,0,0,0.0
Louisville,1977,17,7,0,0,19.0
Louisville,1978,17,12,0,0,9.0
Louisville,1979,17,10,5,0,13.0
Louisville,1980,15,9,5,0,2.0
Louisville,1981,6,2,1,0,12.0
Louisville,1982,10,5,4,0,20.0
Louisville,1983,17,10,4,0,2.0
Louisville,1984,8,2,0,0,0.0
Louisville,1985,6,2,0,0,0.0
Louisville,1986,17,3,0,0,7.0
Louisville,1987,1,1,1,0,0.0
Louisville,1988,3,0,0,0,0.0
Louisville,1989,18,8,4,0,12.0
Louisville,1990,17,7,1,0,16.0
Louisville,1991,2,0,0,0,0.0
Louisville,1992,7,0,0,0,0.0
Louisville,1993,9,1,0,0,15.0
Louisville,1994,18,9,1,0,10.0
Louisville,1996,12,0,0,0,24.0
Louisville,1997,14,3,0,0,25.0
Louisville,1998,3,0,0,0,0.0
Louisville,1999,1,0,0,0,0.0
Louisville,2000,1,0,0,0,0.0
Louisville,2003,12,5,3,0,14.0
Louisville,2004,14,7,2,0,0.0
Louisville,2005,19,5,1,0,4.0
Louisville,2006,12,9,2,0,0.0
Louisville,2007,4,0,0,0,16.0
Louisville,2008,12,3,0,0,13.0
Louisville,2009,19,14,7,1,1.0
Louisville,2010,4,0,0,0,0.0
Louisville,2011,13,0,0,0,14.0
Louisville,2012,16,8,4,0,17.0
Louisville,2013,19,16,12,1,2.0
Louisville,2014,20,11,5,0,5.0
Louisville,2015,19,14,6,0,17.0
Louisville,2016,16,0,0,0,16.0
Louisville,2017,19,11,1,0,10.0
Louisville,2018,4,0,0,0,0.0
Louisville,2019,5,0,0,0,0.0
Louisville,2020,18,14,10,2,0.0
Louisville,2021,3,0,0,0,0.0
Louisville,2025,7,0,0,0,13.0
Louisville,2026,19,3,0,0,24.0
Loyola Chicago,1962,1,1,0,0,0.0
Loyola Chicago,1963,16,16,16,0,3.0
Loyola Chicago,1964,13,13,8,4,8.0
Loyola Chicago,1966,8,8,5,0,6.0
Loyola Chicago,1985,3,0,0,0,14.0
Loyola Chicago,2021,4,0,0,0,0.0
Loyola Chicago,2022,1,0,0,0,0.0
Loyola Marymount,1988,5,0,0,0,15.0
Loyola Marymount,1990,11,0,0,0,21.0
Manhattan,1953,7,0,0,0,0.0
Manhattan,1957,1,0,0,0,0.0
Marquette,1955,8,6,2,0,8.0
Marquette,1956,2,0,0,0,0.0
Marquette,1959,13,0,0,0,20.0
Marquette,1968,2,2,0,0,0.0
Marquette,1969,11,0,0,0,14.0
Marquette,1970,14,9,0,0,8.0
Marquette,1971,16,16,15,2,2.0
Marquette,1972,16,16,14,0,7.0
Marquette,1973,16,16,11,0,5.0
Marquette,1974,18,17,3,0,3.0
Marquette,1975,19,11,3,0,11.0
Marquette,1976,17,17,15,0,2.0
Marquette,1977,17,11,4,0,7.0
Marquette,1978,17,17,16,1,8.0
Marquette,1979,17,5,0,0,10.0
Marquette,1980,2,0,0,0,0.0
Marquette,1983,3,0,0,0,0.0
Marquette,1993,5,0,0,0,0.0
Marquette,1994,10,0,0,0,21.0
Marquette,1996,3,0,0,0,20.0
Marquette,1997,3,0,0,0,0.0
Marquette,1998,3,0,0,0,0.0
Marquette,2002,12,2,0,0,12.0
Marquette,2003,19,4,0,0,9.0
Marquette,2004,8,0,0,0,0.0
Marquette,2005,2,0,0,0,0.0
Marquette,2007,18,1,0,0,20.0
Marquette,2008,19,4,0,0,25.0
Marquette,2009,17,5,0,0,23.0
Marquette,2012,19,4,0,0,11.0
Marquette,2013,8,0,0,0,15.0
Marquette,2014,4,0,0,0,0.0
Marquette,2019,15,4,0,0,23.0
Marquette,2020,2,0,0,0,0.0
Marquette,2022,3,0,0,0,0.0
Marquette,2023,11,5,0,0,6.0
Marquette,2024,20,17,6,0,10.0
Marquette,2025,20,10,1,0,25.0
Marshall,1956,1,0,0,0,0.0
Marshall,1972,13,4,0,0,12.0
Maryland,1954,9,0,0,0,20.0
Maryland,1955,9,2,0,0,0.0
Maryland,1958,13,9,0,0,6.0
Maryland,1961,1,0,0,0,0.0
Maryland,1972,12,2,1,0,14.0
Maryland,1973,16,16,10,0,8.0
Maryland,1974,18,18,15,0,4.0
Maryland,1975,19,19,17,0,5.0
Maryland,1976,17,15,11,0,11.0
Maryland,1977,9,1,0,0,0.0
Maryland,1978,7,0,0,0,0.0
Maryland,1979,5,0,0,0,0.0
Maryland,1980,7,5,0,0,8.0
Maryland,1981,16,9,3,0,18.0
Maryland,1984,15,10,3,0,11.0
Maryland,1985,4,0,0,0,0.0
Maryland,1986,2,0,0,0,0.0
Maryland,1994,3,0,0,0,0.0
Maryland,1995,18,14,1,0,10.0
Maryland,1996,4,0,0,0,0.0
Maryland,1997,13,4,1,0,22.0
Maryland,1998,12,0,0,0,20.0
Maryland,1999,18,18,14,0,5.0
Maryland,2000,17,0,0,0,17.0
Maryland,2001,19,5,1,0,11.0
Maryland,2002,18,18,15,0,4.0
Maryland,2003,19,3,0,0,17.0
Maryland,2004,3,0,0,0,19.0
Maryland,2005,11,0,0,0,0.0
Maryland,2006,12,0,0,0,0.0
Maryland,2007,6,0,0,0,18.0
Maryland,2010,5,0,0,0,20.0
Maryland,2015,16,2,0,0,12.0
Maryland,2016,19,16,10,0,18.0
Maryland,2017,9,0,0,0,25.0
Maryland,2019,12,0,0,0,21.0
Maryland,2020,18,12,3,0,0.0
Maryland,2022,2,0,0,0,0.0
Maryland,2023,5,0,0,0,0.0
Maryland,2025,7,0,0,0,11.0
Maryland Eastern Shore,1974,1,0,0,0,0.0
Memphis,1956,7,0,0,0,0.0
Memphis,1957,6,0,0,0,12.0
Memphis,1958,2,0,0,0,0.0
Memphis,1959,1,0,0,0,0.0
Memphis,1961,1,0,0,0,0.0
Memphis,1971,1,0,0,0,0.0
Memphis,1972,6,0,0,0,13.0
Memphis,1973,11,1,0,0,12.0
Memphis,1974,7,1,0,0,0.0
Memphis,1975,6,0,0,0,0.0
Memphis,1976,1,0,0,0,0.0
Memphis,1977,4,0,0,0,0.0
Memphis,1982,6,2,0,0,9.0
Memphis,1983,17,12,9,1,17.0
Memphis,1984,17,7,3,0,16.0
Memphis,1985,17,17,15,0,5.0
Memphis,1986,17,12,5,0,12.0
Memphis,1988,5,0,0,0,0.0
Memphis,1990,8,0,0,0,0.0
Memphis,1993,4,3,0,0,0.0
Memphis,1996,18,8,3,0,16.0
Memphis,2002,4,0,0,0,0.0
Memphis,2003,4,0,0,0,19.0
Memphis,2004,5,0,0,0,24.0
Memphis,2005,3,0,0,0,0.0
Memphis,2006,19,16,14,0,4.0
Memphis,2007,19,6,2,0,5.0
Memphis,2008,20,20,20,5,2.0
Memphis,2009,15,6,5,0,3.0
Memphis,2011,9,0,0,0,0.0
Memphis,2012,5,2,0,0,0.0
Memphis,2013,8,0,0,0,19.0
Memphis,2014,19,0,0,0,0.0
Memphis,2020,12,2,0,0,0.0
Memphis,2022,4,1,0,0,0.0
Memphis,2024,6,1,0,0,0.0
Memphis,2025,14,0,0,0,16.0
Miami (FL),1960,11,5,0,0,10.0
Miami (FL),1999,8,2,0,0,10.0
Miami (FL),2000,3,0,0,0,23.0
Miami (FL),2002,12,0,0,0,21.0
Miami (FL),2008,4,0,0,0,0.0
Miami (FL),2009,4,0,0,0,0.0
Miami (FL),2010,1,0,0,0,0.0
Miami (FL),2013,8,6,4,0,5.0
Miami (FL),2015,5,0,0,0,0.0
Miami (FL),2016,17,3,0,0,10.0
Miami (FL),2017,1,0,0,0,0.0
Miami (FL),2018,14,4,0,0,24.0
Miami (FL),2023,14,0,0,0,14.0
Miami (FL),2024,6,1,0,0,0.0
Miami (FL),2026,1,0,0,0,0.0
Miami (OH),1953,2,0,0,0,0.0
Miami (OH),1971,1,0,0,0,0.0
Miami (OH),1978,1,0,0,0,19.0
Miami (OH),1999,3,0,0,0,0.0
Miami (OH),2026,9,0,0,0,20.0
Michigan,1964,15,15,13,0,2.0
Michigan,1965,15,15,15,10,1.0
Michigan,1966,10,10,4,0,9.0
Michigan,1971,4,0,0,0,0.0
Michigan,1972,4,1,0,0,0.0
Michigan,1973,3,0,0,0,0.0
Michigan,1974,12,2,0,0,6.0
Michigan,1975,8,0,0,0,19.0
Michigan,1976,16,1,0,0,9.0
Michigan,1977,17,17,15,8,1.0
Michigan,1978,4,1,0,0,0.0
Michigan,1979,8,6,0,0,0.0
Michigan,1981,11,2,0,0,0.0
Michigan,1984,2,0,0,0,0.0
Michigan,1985,12,7,5,0,2.0
Michigan,1986,17,17,10,0,5.0
Michigan,1988,17,9,0,0,10.0
Michigan,1989,18,15,7,0,10.0
Michigan,1990,17,15,6,0,13.0
Michigan,1992,18,0,0,0,15.0
Michigan,1993,18,18,13,3,3.0
Michigan,1994,18,12,6,0,11.0
Michigan,1995,5,0,0,0,0.0
Michigan,1996,13,0,0,0,0.0
Michigan,1997,16,8,3,0,0.0
Michigan,1998,12,0,0,0,12.0
Michigan,2006,2,0,0,0,0.0
Michigan,2009,3,0,0,0,0.0
Michigan,2010,3,0,0,0,0.0
Michigan,2012,19,1,0,0,13.0
Michigan,2013,19,19,16,1,10.0
Michigan,2014,14,6,0,0,7.0
Michigan,2015,3,0,0,0,0.0
Michigan,2016,2,0,0,0,0.0
Michigan,2017,1,0,0,0,0.0
Michigan,2018,7,0,0,0,0.0
Michigan,2019,20,18,9,0,10.0
Michigan,2020,9,2,2,0,0.0
Michigan,2021,14,11,6,0,4.0
Michigan,2022,4,2,1,0,0.0
Michigan,2023,2,0,0,0,0.0
Michigan,2025,12,0,0,0,22.0
Michigan,2026,20,20,16,1,3.0
Michigan State,1952,2,0,0,0,0.0
Michigan State,1956,2,0,0,0,0.0
Michigan State,1957,2,1,0,0,11.0
Michigan State,1958,14,4,0,0,17.0
Michigan State,1959,14,11,1,0,7.0
Michigan State,1960,1,0,0,0,0.0
Michigan State,1967,3,3,1,0,0.0
Michigan State,1978,11,9,1,0,4.0
Michigan State,1979,17,16,10,2,3.0
Michigan State,1984,5,0,0,0,0.0
Michigan State,1985,2,0,0,0,0.0
Michigan State,1986,4,0,0,0,18.0
Michigan State,1990,8,2,1,0,3.0
Michigan State,1991,9,2,2,0,0.0
Michigan State,1992,16,3,0,0,14.0
Michigan State,1993,11,0,0,0,0.0
Michigan State,1995,18,6,0,0,11.0
Michigan State,1998,7,1,0,0,16.0
Michigan State,1999,18,11,7,0,2.0
Michigan State,2000,19,17,9,0,2.0
Michigan State,2001,19,19,19,2,3.0
Michigan State,2002,9,0,0,0,0.0
Michigan State,2003,9,3,0,0,0.0
Michigan State,2004,4,3,3,0,0.0
Michigan State,2005,19,2,0,0,15.0
Michigan State,2006,17,5,2,0,0.0
Michigan State,2008,20,12,0,0,18.0
Michigan State,2009,19,14,2,0,8.0
Michigan State,2010,19,11,5,0,13.0
Michigan State,2011,11,5,3,0,0.0
Michigan State,2012,14,10,2,0,5.0
Michigan State,2013,19,5,1,0,9.0
Michigan State,2014,20,15,12,3,11.0
Michigan State,2015,6,0,0,0,23.0
Michigan State,2016,19,15,11,4,2.0
Michigan State,2017,3,0,0,0,0.0
Michigan State,2018,17,17,15,1,0.0
Michigan State,2019,20,17,0,0,6.0
Michigan State,2020,16,5,4,1,0.0
Michigan State,2021,7,3,2,0,0.0
Michigan State,2022,12,4,0,0,0.0
Michigan State,2023,2,0,0,0,0.0
Michigan State,2024,3,1,1,0,0.0
Michigan State,2025,14,7,0,0,7.0
Michigan State,2026,20,12,0,0,8.0
Middle Tennessee,2018,2,0,0,0,0.0
Minnesota,1950,4,1,0,0,0.0
Minnesota,1952,1,0,0,0,0.0
Minnesota,1953,5,1,0,0,0.0
Minnesota,1954,11,7,0,0,0.0
Minnesota,1955,9,3,0,0,11.0
Minnesota,1956,1,0,0,0,0.0
Minnesota,1957,1,0,0,0,0.0
Minnesota,1958,2,1,0,0,0.0
Minnesota,1965,9,8,3,0,7.0
Minnesota,1966,5,5,1,0,0.0
Minnesota,1972,6,0,0,0,11.0
Minnesota,1973,16,16,10,0,10.0
Minnesota,1975,4,0,0,0,0.0
Minnesota,1976,3,0,0,0,0.0
Minnesota,1977,13,5,0,0,13.0
Minnesota,1978,2,0,0,0,0.0
Minnesota,1981,3,0,0,0,0.0
Minnesota,1982,16,14,2,0,7.0
Minnesota,1983,5,0,0,0,0.0
Minnesota,1990,13,0,0,0,20.0
Minnesota,1993,1,0,0,0,0.0
Minnesota,1994,18,2,0,0,23.0
Minnesota,1995,6,0,0,0,0.0
Minnesota,1997,18,9,6,0,3.0
Minnesota,1999,11,0,0,0,0.0
Minnesota,2003,5,0,0,0,0.0
Minnesota,2009,5,0,0,0,0.0
Minnesota,2010,3,0,0,0,0.0
Minnesota,2011,9,0,0,0,0.0
Minnesota,2013,11,3,0,0,0.0
Minnesota,2017,1,0,0,0,0.0
Minnesota,2018,5,0,0,0,0.0
Minnesota,2021,5,0,0,0,0.0
Mississippi State,1957,4,0,0,0,15.0
Mississippi State,1958,13,3,1,0,15.0
Mississippi State,1959,14,9,4,0,3.0
Mississippi State,1962,11,11,4,0,4.0
Mississippi State,1963,14,14,3,0,6.0
Mississippi State,1967,1,1,0,0,0.0
Mississippi State,1979,1,0,0,0,0.0
Mississippi State,1991,5,0,0,0,21.0
Mississippi State,1995,6,0,0,0,18.0
Mississippi State,1996,13,4,0,0,19.0
Mississippi State,2002,2,0,0,0,17.0
Mississippi State,2003,18,2,0,0,20.0
Mississippi State,2004,12,7,3,0,8.0
Mississippi State,2005,12,0,0,0,0.0
Mississippi State,2010,2,0,0,0,0.0
Mississippi State,2012,12,0,0,0,0.0
Mississippi State,2019,13,0,0,0,0.0
Mississippi State,2023,4,0,0,0,0.0
Mississippi State,2024,2,0,0,0,0.0
Mississippi State,2025,12,0,0,0,0.0
Missouri,1950,2,0,0,0,0.0
Missouri,1951,2,2,0,0,0.0
Missouri,1955,11,5,0,0,0.0
Missouri,1972,8,0,0,0,0.0
Missouri,1973,14,8,1,0,15.0
Missouri,1974,1,0,0,0,0.0
Missouri,1976,11,1,0,0,14.0
Missouri,1977,1,0,0,0,0.0
Missouri,1980,13,1,0,0,16.0
Missouri,1981,3,0,0,0,0.0
Missouri,1982,16,12,10,2,5.0
Missouri,1983,17,7,0,0,10.0
Missouri,1987,2,0,0,0,14.0
Missouri,1988,7,3,0,0,0.0
Missouri,1989,18,13,4,0,6.0
Missouri,1990,17,15,12,4,11.0
Missouri,1991,2,0,0,0,0.0
Missouri,1992,15,4,0,0,16.0
Missouri,1994,9,4,2,0,5.0
Missouri,1995,10,1,0,0,23.0
Missouri,1996,7,0,0,0,0.0
Missouri,1999,3,0,0,0,0.0
Missouri,2001,1,0,0,0,0.0
Missouri,2002,13,7,4,0,0.0
Missouri,2003,15,0,0,0,24.0
Missouri,2004,7,5,4,0,0.0
Missouri,2009,7,1,0,0,9.0
Missouri,2011,17,4,0,0,0.0
Missouri,2012,19,15,8,0,3.0
Missouri,2013,14,2,0,0,0.0
Missouri,2014,5,0,0,0,0.0
Missouri,2021,10,1,0,0,0.0
Missouri,2023,4,0,0,0,25.0
Missouri,2025,9,0,0,0,21.0
Murray State,1971,4,0,0,0,0.0
Murray State,1998,1,0,0,0,25.0
Murray State,2012,14,2,0,0,12.0
Murray State,2015,1,0,0,0,0.0
Murray State,2022,4,0,0,0,0.0
NC State,1950,10,9,1,0,5.0
NC State,1951,12,12,1,0,8.0
NC State,1952,5,2,0,0,0.0
NC State,1953,14,5,0,0,18.0
NC State,1954,8,5,0,0,0.0
NC State,1955,14,14,9,0,4.0
NC State,1956,15,15,14,0,2.0
NC State,1957,2,1,0,0,0.0
NC State,1958,14,4,0,0,20.0
NC State,1959,14,14,6,1,6.0
NC State,1961,3,3,0,0,0.0
NC State,1970,11,6,2,0,10.0
NC State,1971,1,0,0,0,0.0
NC State,1972,1,0,0,0,0.0
NC State,1973,16,16,13,0,2.0
NC State,1974,18,18,18,6,1.0
NC State,1975,19,19,12,6,7.0
NC State,1976,15,5,0,0,0.0
NC State,1977,1,0,0,0,0.0
NC State,1978,1,0,0,0,0.0
NC State,1979,10,7,1,0,0.0
NC State,1980,2,0,0,0,0.0
NC State,1982,5,0,0,0,0.0
NC State,1983,9,0,0,0,16.0
NC State,1984,6,3,0,0,0.0
NC State,1985,10,2,0,0,16.0
NC State,1986,6,0,0,0,0.0
NC State,1987,9,0,0,0,0.0
NC State,1988,6,0,0,0,14.0
NC State,1989,18,0,0,0,19.0
NC State,1990,9,0,0,0,0.0
NC State,2000,2,0,0,0,0.0
NC State,2002,1,0,0,0,0.0
NC State,2004,8,0,0,0,15.0
NC State,2005,8,0,0,0,0.0
NC State,2006,15,0,0,0,0.0
NC State,2008,3,0,0,0,0.0
NC State,2013,13,2,0,0,0.0
NC State,2019,6,0,0,0,0.0
NC State,2023,2,0,0,0,0.0
NC State,2026,2,0,0,0,0.0
Navy,1953,6,0,0,0,0.0
Navy,1954,3,0,0,0,0.0
Navy,1986,5,0,0,0,17.0
Navy,1987,9,4,0,0,0.0
Nebraska,1950,1,0,0,0,0.0
Nebraska,1966,4,4,0,0,0.0
Nebraska,1978,1,0,0,0,0.0
Nebraska,1991,13,0,0,0,11.0
Nebraska,1992,1,0,0,0,0.0
Nebraska,1993,6,0,0,0,0.0
Nebraska,1994,1,0,0,0,22.0
Nebraska,1995,2,0,0,0,0.0
Nebraska,2015,2,0,0,0,0.0
Nebraska,2019,3,0,0,0,0.0
Nebraska,2026,15,8,1,0,11.0
Nevada,2005,3,0,0,0,0.0
Nevada,2006,12,0,0,0,20.0
Nevada,2007,19,2,0,0,15.0
Nevada,2018,8,0,0,0,22.0
Nevada,2019,20,16,1,0,14.0
Nevada,2024,2,0,0,0,23.0
New Mexico,1965,1,1,0,0,0.0
New Mexico,1967,8,8,4,0,0.0
New Mexico,1968,11,11,3,0,6.0
New Mexico,1969,7,5,2,0,0.0
New Mexico,1972,1,0,0,0,0.0
New Mexico,1973,6,0,0,0,0.0
New Mexico,1974,10,1,0,0,0.0
New Mexico,1978,9,6,3,0,12.0
New Mexico,1988,1,0,0,0,0.0
New Mexico,1993,1,0,0,0,21.0
New Mexico,1996,3,0,0,0,23.0
New Mexico,1997,18,2,0,0,11.0
New Mexico,1998,18,2,0,0,18.0
New Mexico,1999,18,0,0,0,25.0
New Mexico,2010,12,4,0,0,8.0
New Mexico,2012,2,0,0,0,21.0
New Mexico,2013,15,1,0,0,10.0
New Mexico,2014,7,0,0,0,17.0
New Mexico,2023,3,0,0,0,0.0
New Mexico,2024,3,0,0,0,0.0
New Mexico State,1968,1,1,0,0,0.0
New Mexico State,1969,12,4,0,0,12.0
New Mexico State,1970,15,15,9,0,5.0
New Mexico State,1971,4,0,0,0,0.0
New Mexico State,1990,5,0,0,0,24.0
New Mexico State,1991,12,0,0,0,15.0
New Mexico State,1993,3,0,0,0,24.0
New Mexico State,1994,3,0,0,0,0.0
New Mexico State,1995,9,0,0,0,0.0
New Orleans,1987,3,0,0,0,16.0
New Orleans,1991,3,0,0,0,0.0
New Orleans,1993,6,0,0,0,17.0
Niagara,1953,2,0,0,0,0.0
Niagara,1954,5,0,0,0,16.0
Niagara,1955,9,4,0,0,0.0
Niagara,1957,1,0,0,0,0.0
Niagara,1970,3,0,0,0,17.0
North Carolina,1953,2,0,0,0,0.0
North Carolina,1956,14,10,2,0,13.0
North Carolina,1957,14,14,13,8,1.0
North Carolina,1958,14,10,5,2,13.0
North Carolina,1959,14,13,11,1,9.0
North Carolina,1960,8,0,0,0,0.0
North Carolina,1961,13,12,5,0,5.0
North Carolina,1963,1,1,0,0,0.0
North Carolina,1965,1,0,0,0,0.0
North Carolina,1967,15,15,12,0,4.0
North Carolina,1968,16,16,15,0,4.0
North Carolina,1969,15,15,15,0,4.0
North Carolina,1970,13,11,4,0,0.0
North Carolina,1971,13,1,0,0,13.0
North Carolina,1972,16,16,16,0,2.0
North Carolina,1973,15,10,2,0,11.0
North Carolina,1974,18,17,13,0,12.0
North Carolina,1975,19,10,0,0,9.0
North Carolina,1976,17,17,14,0,8.0
North Carolina,1977,17,12,6,0,5.0
North Carolina,1978,17,14,10,1,16.0
North Carolina,1979,17,13,9,0,9.0
North Carolina,1980,15,9,0,0,15.0
North Carolina,1981,16,7,0,0,6.0
North Carolina,1982,16,16,16,11,1.0
North Carolina,1983,15,9,7,2,8.0
North Carolina,1984,17,17,17,16,1.0
North Carolina,1985,16,9,1,0,7.0
North Carolina,1986,17,17,16,13,8.0
North Carolina,1987,16,16,16,3,2.0
North Carolina,1988,17,17,11,1,7.0
North Carolina,1989,18,17,5,0,5.0
North Carolina,1990,5,1,0,0,0.0
North Carolina,1991,17,17,6,0,4.0
North Carolina,1992,18,13,3,0,18.0
North Carolina,1993,18,18,12,2,4.0
North Carolina,1994,18,18,18,5,1.0
North Carolina,1995,18,18,18,6,4.0
North Carolina,1996,18,4,0,0,25.0
North Carolina,1997,18,5,2,0,4.0
North Carolina,1998,18,18,18,8,1.0
North Carolina,1999,18,10,1,0,13.0
North Carolina,2000,11,7,3,0,0.0
North Carolina,2001,19,14,6,2,6.0
North Carolina,2002,1,0,0,0,0.0
North Carolina,2003,4,0,0,0,0.0
North Carolina,2004,18,9,1,0,18.0
North Carolina,2005,19,18,15,0,2.0
North Carolina,2006,13,2,0,0,10.0
North Carolina,2007,19,19,16,1,4.0
North Carolina,2008,20,20,20,14,1.0
North Carolina,2009,19,19,19,9,2.0
North Carolina,2010,11,7,0,0,0.0
North Carolina,2011,10,4,0,0,7.0
North Carolina,2012,19,19,14,3,4.0
North Carolina,2013,7,1,0,0,0.0
North Carolina,2014,12,0,0,0,19.0
North Carolina,2015,19,3,1,0,15.0
North Carolina,2016,19,18,9,2,3.0
North Carolina,2017,19,16,4,0,6.0
North Carolina,2018,19,8,1,0,12.0
North Carolina,2019,20,12,4,0,3.0
North Carolina,2020,6,5,1,0,0.0
North Carolina,2021,5,0,0,0,0.0
North Carolina,2022,4,0,0,0,25.0
North Carolina,2023,5,3,3,3,0.0
North Carolina,2024,20,15,6,0,4.0
North Carolina,2025,5,3,0,0,0.0
North Carolina,2026,20,0,0,0,19.0
North Texas,1976,2,0,0,0,0.0
Northeastern,1987,1,0,0,0,0.0
Northern Illinois,1972,2,0,0,0,0.0
Northern Iowa,2006,3,0,0,0,0.0
Northern Iowa,2010,4,0,0,0,0.0
Northern Iowa,2015,13,2,0,0,11.0
Northwestern,1955,1,0,0,0,0.0
Northwestern,1959,7,4,0,0,0.0
Northwestern,1969,3,0,0,0,0.0
Northwestern,2010,1,0,0,0,0.0
Northwestern,2017,1,0,0,0,0.0
Northwestern,2018,2,0,0,0,0.0
Northwestern,2021,1,0,0,0,0.0
Northwestern,2023,1,0,0,0,0.0
Northwestern,2024,1,0,0,0,0.0
Notre Dame,1950,1,0,0,0,0.0
Notre Dame,1951,1,0,0,0,0.0
Notre Dame,1952,4,1,0,0,0.0
Notre Dame,1953,11,2,0,0,10.0
Notre Dame,1954,11,9,1,0,6.0
Notre Dame,1955,3,1,0,0,0.0
Notre Dame,1957,1,0,0,0,17.0
Notre Dame,1958,6,4,0,0,8.0
Notre Dame,1959,1,0,0,0,0.0
Notre Dame,1965,1,0,0,0,0.0
Notre Dame,1969,10,5,2,0,17.0
Notre Dame,1970,11,3,0,0,9.0
Notre Dame,1971,16,8,1,0,12.0
Notre Dame,1974,18,18,15,1,5.0
Notre Dame,1975,16,1,0,0,14.0
Notre Dame,1976,17,13,3,0,7.0
Notre Dame,1977,10,7,3,0,10.0
Notre Dame,1978,17,17,11,0,6.0
Notre Dame,1979,17,17,17,4,4.0
Notre Dame,1980,15,13,5,0,9.0
Notre Dame,1981,16,12,2,0,7.0
Notre Dame,1982,2,0,0,0,0.0
Notre Dame,1986,17,2,0,0,10.0
Notre Dame,1987,2,0,0,0,18.0
Notre Dame,1988,1,0,0,0,0.0
Notre Dame,1989,1,0,0,0,0.0
Notre Dame,1990,2,0,0,0,0.0
Notre Dame,2001,17,1,0,0,19.0
Notre Dame,2003,15,9,1,0,22.0
Notre Dame,2004,3,0,0,0,0.0
Notre Dame,2005,4,0,0,0,0.0
Notre Dame,2007,11,0,0,0,17.0
Notre Dame,2008,7,0,0,0,15.0
Notre Dame,2009,11,6,0,0,0.0
Notre Dame,2010,1,0,0,0,0.0
Notre Dame,2011,16,8,2,0,5.0
Notre Dame,2012,4,0,0,0,0.0
Notre Dame,2013,16,0,0,0,23.0
Notre Dame,2014,2,0,0,0,0.0
Notre Dame,2015,15,7,0,0,8.0
Notre Dame,2016,6,0,0,0,0.0
Notre Dame,2017,14,0,0,0,22.0
Notre Dame,2018,6,2,1,0,0.0
Ohio,1960,1,0,0,0,0.0
Ohio,1970,9,4,2,0,0.0
Ohio,1972,1,0,0,0,0.0
Ohio,1995,4,0,0,0,0.0
Ohio State,1950,9,6,5,0,2.0
Ohio State,1955,3,0,0,0,0.0
Ohio State,1956,5,2,0,0,0.0
Ohio State,1957,6,0,0,0,0.0
Ohio State,1960,12,12,11,0,3.0
Ohio State,1961,13,13,13,13,1.0
Ohio State,1962,14,14,14,14,1.0
Ohio State,1963,11,11,8,0,7.0
Ohio State,1964,2,2,0,0,0.0
Ohio State,1969,14,1,0,0,0.0
Ohio State,1970,2,0,0,0,0.0
Ohio State,1971,5,1,0,0,10.0
Ohio State,1972,15,12,2,0,19.0
Ohio State,1973,2,1,0,0,0.0
Ohio State,1979,7,2,0,0,0.0
Ohio State,1980,15,13,8,0,10.0
Ohio State,1981,4,4,0,0,0.0
Ohio State,1983,5,0,0,0,0.0
Ohio State,1986,1,0,0,0,0.0
Ohio State,1989,14,0,0,0,0.0
Ohio State,1991,17,16,10,0,5.0
Ohio State,1992,18,18,8,0,3.0
Ohio State,1993,2,0,0,0,0.0
Ohio State,1999,8,1,0,0,14.0
Ohio State,2000,19,10,5,0,8.0
Ohio State,2001,1,0,0,0,0.0
Ohio State,2002,8,0,0,0,14.0
Ohio State,2006,13,3,0,0,6.0
Ohio State,2007,19,19,15,3,1.0
Ohio State,2009,5,0,0,0,0.0
Ohio State,2010,17,5,2,0,5.0
Ohio State,2011,19,19,19,7,1.0
Ohio State,2012,19,19,12,0,7.0
Ohio State,2013,19,11,4,0,7.0
Ohio State,2014,18,9,6,0,22.0
Ohio State,2015,13,0,0,0,0.0
Ohio State,2018,7,1,0,0,0.0
Ohio State,2019,8,0,0,0,0.0
Ohio State,2020,14,7,4,0,0.0
Ohio State,2021,16,7,3,0,9.0
Ohio State,2022,15,0,0,0,0.0
Ohio State,2023,4,0,0,0,0.0
Ohio State,2025,1,0,0,0,0.0
Oklahoma,1950,2,0,0,0,0.0
Oklahoma,1951,4,0,0,0,0.0
Oklahoma,1958,2,0,0,0,0.0
Oklahoma,1970,1,0,0,0,0.0
Oklahoma,1972,1,0,0,0,0.0
Oklahoma,1973,2,0,0,0,0.0
Oklahoma,1975,3,0,0,0,0.0
Oklahoma,1979,1,0,0,0,16.0
Oklahoma,1983,3,0,0,0,0.0
Oklahoma,1984,11,6,0,0,7.0
Oklahoma,1985,17,11,5,0,4.0
Oklahoma,1986,17,12,2,0,15.0
Oklahoma,1987,15,7,0,0,0.0
Oklahoma,1988,17,11,7,0,4.0
Oklahoma,1989,18,18,14,3,4.0
Oklahoma,1990,17,12,5,2,1.0
Oklahoma,1991,12,0,0,0,0.0
Oklahoma,1992,14,0,0,0,23.0
Oklahoma,1993,12,3,0,0,0.0
Oklahoma,1995,6,0,0,0,17.0
Oklahoma,1998,3,0,0,0,0.0
Oklahoma,1999,2,0,0,0,0.0
Oklahoma,2000,14,0,0,0,12.0
Oklahoma,2001,18,0,0,0,13.0
Oklahoma,2002,15,11,7,0,3.0
Oklahoma,2003,19,19,8,0,3.0
Oklahoma,2004,12,4,0,0,0.0
Oklahoma,2005,10,0,0,0,17.0
Oklahoma,2006,19,7,2,0,24.0
Oklahoma,2009,19,16,10,0,7.0
Oklahoma,2010,3,0,0,0,0.0
Oklahoma,2014,7,0,0,0,21.0
Oklahoma,2015,18,0,0,0,13.0
Oklahoma,2016,19,19,11,3,7.0
Oklahoma,2018,9,3,1,0,0.0
Oklahoma,2019,3,0,0,0,0.0
Oklahoma,2021,8,3,0,0,25.0
Oklahoma,2024,11,2,0,0,0.0
Oklahoma,2025,6,0,0,0,0.0
Oklahoma State,1950,1,0,0,0,0.0
Oklahoma State,1951,12,12,12,1,2.0
Oklahoma State,1952,3,0,0,0,0.0
Oklahoma State,1953,14,14,2,0,8.0
Oklahoma State,1954,15,15,12,0,10.0
Oklahoma State,1955,1,0,0,0,0.0
Oklahoma State,1956,3,0,0,0,19.0
Oklahoma State,1957,10,1,0,0,20.0
Oklahoma State,1958,14,7,0,0,19.0
Oklahoma State,1959,1,0,0,0,0.0
Oklahoma State,1983,3,0,0,0,19.0
Oklahoma State,1990,4,0,0,0,0.0
Oklahoma State,1991,6,0,0,0,14.0
Oklahoma State,1992,18,12,9,0,11.0
Oklahoma State,1993,3,0,0,0,23.0
Oklahoma State,1994,11,2,0,0,19.0
Oklahoma State,1995,8,0,0,0,14.0
Oklahoma State,1998,3,0,0,0,0.0
Oklahoma State,1999,11,0,0,0,0.0
Oklahoma State,2000,19,2,0,0,14.0
Oklahoma State,2002,18,8,2,0,20.0
Oklahoma State,2003,9,1,0,0,0.0
Oklahoma State,2004,12,6,1,0,4.0
Oklahoma State,2005,19,19,6,0,6.0
Oklahoma State,2007,11,1,0,0,0.0
Oklahoma State,2013,13,0,0,0,17.0
Oklahoma State,2014,14,11,1,0,0.0
Oklahoma State,2015,3,0,0,0,0.0
Oklahoma State,2021,4,0,0,0,12.0
Old Dominion,2015,1,0,0,0,0.0
Ole Miss,1997,1,0,0,0,0.0
Ole Miss,1998,18,1,0,0,13.0
Ole Miss,2001,13,0,0,0,14.0
Ole Miss,2008,6,0,0,0,0.0
Ole Miss,2010,9,0,0,0,0.0
Ole Miss,2013,2,0,0,0,0.0
Ole Miss,2019,2,0,0,0,0.0
Ole Miss,2024,4,0,0,0,0.0
Ole Miss,2025,15,0,0,0,0.0
Oral Roberts,1972,4,0,0,0,16.0
Oral Roberts,1973,6,1,0,0,0.0
Oral Roberts,1974,5,0,0,0,18.0
Oregon,1971,6,0,0,0,0.0
Oregon,1975,10,4,0,0,0.0
Oregon,1976,1,0,0,0,0.0
Oregon,1977,2,0,0,0,0.0
Oregon,1995,7,0,0,0,0.0
Oregon,1997,4,0,0,0,0.0
Oregon,2000,2,0,0,0,0.0
Oregon,2002,8,1,0,0,11.0
Oregon,2003,12,6,2,0,0.0
Oregon,2007,14,4,0,0,10.0
Oregon,2008,7,0,0,0,0.0
Oregon,2013,9,1,0,0,25.0
Oregon,2014,10,1,0,0,0.0
Oregon,2016,12,3,1,0,5.0
Oregon,2017,19,9,5,0,5.0
Oregon,2019,4,0,0,0,0.0
Oregon,2020,18,6,1,0,0.0
Oregon,2021,5,0,0,0,0.0
Oregon,2022,2,0,0,0,0.0
Oregon,2023,1,0,0,0,0.0
Oregon,2025,11,3,0,0,23.0
Oregon State,1954,6,2,1,0,0.0
Oregon State,1955,5,1,0,0,10.0
Oregon State,1958,5,0,0,0,0.0
Oregon State,1962,3,3,0,0,0.0
Oregon State,1963,4,4,0,0,0.0
Oregon State,1964,12,12,0,0,6.0
Oregon State,1971,1,0,0,0,0.0
Oregon State,1975,7,0,0,0,18.0
Oregon State,1976,3,0,0,0,0.0
Oregon State,1980,15,9,6,0,5.0
Oregon State,1981,16,16,14,5,2.0
Oregon State,1982,14,7,4,0,4.0
Oregon State,1983,2,1,0,0,0.0
Oregon State,1984,13,2,0,0,17.0
Oregon State,1985,7,1,0,0,0.0
Oregon State,1990,15,0,0,0,22.0
Pacific,2005,6,0,0,0,22.0
Penn State,1952,3,0,0,0,0.0
Penn State,1954,1,1,0,0,9.0
Penn State,1955,1,0,0,0,0.0
Penn State,1996,10,3,0,0,18.0
Penn State,2020,10,1,0,0,0.0
Pennsylvania,1955,3,0,0,0,0.0
Pennsylvania,1970,12,5,0,0,13.0
Pennsylvania,1971,16,15,12,0,3.0
Pennsylvania,1972,16,13,7,0,3.0
Pennsylvania,1973,7,4,0,0,18.0
Pennsylvania,1974,3,0,0,0,0.0
Pennsylvania,1975,14,4,0,0,0.0
Pennsylvania,1978,1,0,0,0,20.0
Pennsylvania,1979,1,0,0,0,14.0
Pennsylvania,1994,2,0,0,0,0.0
Pennsylvania,1995,3,0,0,0,0.0
Pepperdine,1976,1,0,0,0,20.0
Pittsburgh,1959,1,0,0,0,0.0
Pittsburgh,1974,11,3,0,0,16.0
Pittsburgh,1987,16,3,0,0,12.0
Pittsburgh,1988,17,16,9,0,8.0
Pittsburgh,1990,3,0,0,0,0.0
Pittsburgh,1991,15,0,0,0,0.0
Pittsburgh,1992,1,0,0,0,0.0
Pittsburgh,1993,7,0,0,0,0.0
Pittsburgh,1999,5,0,0,0,0.0
Pittsburgh,2002,7,3,0,0,9.0
Pittsburgh,2003,19,19,14,0,4.0
Pittsburgh,2004,18,9,4,0,9.0
Pittsburgh,2005,18,3,0,0,0.0
Pittsburgh,2006,11,5,0,0,16.0
Pittsburgh,2007,19,16,6,0,12.0
Pittsburgh,2008,16,1,0,0,17.0
Pittsburgh,2009,19,19,17,3,4.0
Pittsburgh,2010,11,1,0,0,18.0
Pittsburgh,2011,19,19,16,0,4.0
Pittsburgh,2012,8,2,0,0,0.0
Pittsburgh,2013,8,0,0,0,20.0
Pittsburgh,2014,5,0,0,0,0.0
Pittsburgh,2016,2,0,0,0,0.0
Pittsburgh,2023,1,0,0,0,0.0
Pittsburgh,2025,1,0,0,0,0.0
Portland,1959,3,0,0,0,0.0
Portland,2010,1,0,0,0,0.0
Princeton,1951,2,0,0,0,0.0
Princeton,1967,9,9,7,0,5.0
Princeton,1968,2,2,0,0,0.0
Princeton,1972,3,0,0,0,0.0
Princeton,1975,2,0,0,0,12.0
Princeton,1976,2,0,0,0,0.0
Princeton,1991,6,0,0,0,18.0
Princeton,1998,15,5,0,0,8.0
Providence,1960,7,0,0,0,14.0
Providence,1961,2,0,0,0,0.0
Providence,1962,2,2,2,0,0.0
Providence,1963,1,1,0,0,0.0
Providence,1965,10,10,7,0,4.0
Providence,1966,14,14,3,0,0.0
Providence,1967,6,6,0,0,0.0
Providence,1972,3,0,0,0,0.0
Providence,1973,15,6,2,0,4.0
Providence,1974,18,13,1,0,8.0
Providence,1975,10,1,0,0,20.0
Providence,1976,2,0,0,0,0.0
Providence,1977,10,1,0,0,0.0
Providence,1978,13,1,0,0,0.0
Providence,1987,4,0,0,0,0.0
Providence,1989,2,0,0,0,0.0
Providence,2001,1,0,0,0,0.0
Providence,2004,9,0,0,0,21.0
Providence,2015,2,0,0,0,0.0
Providence,2016,12,3,0,0,0.0
Providence,2022,12,2,0,0,11.0
Providence,2023,8,0,0,0,0.0
Providence,2024,1,0,0,0,0.0
Purdue,1955,1,0,0,0,0.0
Purdue,1957,1,0,0,0,0.0
Purdue,1959,3,0,0,0,0.0
Purdue,1961,1,1,0,0,0.0
Purdue,1962,3,3,0,0,0.0
Purdue,1968,1,1,0,0,0.0
Purdue,1969,12,6,0,0,6.0
Purdue,1970,5,1,1,0,0.0
Purdue,1971,3,0,0,0,0.0
Purdue,1973,3,0,0,0,0.0
Purdue,1974,2,0,0,0,11.0
Purdue,1975,7,0,0,0,0.0
Purdue,1977,3,0,0,0,0.0
Purdue,1978,3,0,0,0,0.0
Purdue,1979,5,0,0,0,15.0
Purdue,1980,15,5,0,0,20.0
Purdue,1983,4,0,0,0,0.0
Purdue,1984,12,2,0,0,10.0
Purdue,1986,4,0,0,0,0.0
Purdue,1987,16,16,9,0,7.0
Purdue,1988,17,13,9,0,3.0
Purdue,1990,9,6,0,0,10.0
Purdue,1993,16,1,0,0,22.0
Purdue,1994,18,11,1,0,3.0
Purdue,1995,6,0,0,0,12.0
Purdue,1996,12,4,3,0,4.0
Purdue,1998,18,15,2,0,11.0
Purdue,1999,16,4,0,0,0.0
Purdue,2000,11,0,0,0,25.0
Purdue,2003,2,0,0,0,0.0
Purdue,2004,8,0,0,0,0.0
Purdue,2008,7,0,0,0,20.0
Purdue,2009,19,4,0,0,17.0
Purdue,2010,19,18,8,0,10.0
Purdue,2011,19,5,0,0,13.0
Purdue,2016,19,1,0,0,12.0
Purdue,2017,19,0,0,0,13.0
Purdue,2018,16,8,5,0,0.0
Purdue,2019,12,0,0,0,13.0
Purdue,2020,1,0,0,0,0.0
Purdue,2021,5,0,0,0,20.0
Purdue,2022,19,19,12,1,9.0
Purdue,2023,17,16,16,7,5.0
Purdue,2024,20,20,20,5,3.0
Purdue,2025,20,5,0,0,20.0
Purdue,2026,20,14,9,4,18.0
Rhode Island,1998,10,0,0,0,0.0
Rhode Island,1999,2,0,0,0,0.0
Rhode Island,2008,4,0,0,0,0.0
Rhode Island,2017,4,0,0,0,0.0
Rhode Island,2018,8,0,0,0,25.0
Rice,1954,4,0,0,0,0.0
Rice,1956,2,0,0,0,0.0
Rice,1958,2,0,0,0,0.0
Richmond,1955,3,0,0,0,0.0
Richmond,1958,2,0,0,0,0.0
Richmond,1986,1,0,0,0,0.0
Richmond,2010,3,0,0,0,24.0
Richmond,2021,1,0,0,0,0.0
Rutgers,1975,6,0,0,0,0.0
Rutgers,1976,14,10,7,0,4.0
Rutgers,1977,2,0,0,0,0.0
Rutgers,1979,4,0,0,0,18.0
Rutgers,2020,2,0,0,0,0.0
Rutgers,2021,8,0,0,0,0.0
Rutgers,2023,2,0,0,0,0.0
Rutgers,2025,3,0,0,0,0.0
SMU,1956,9,3,0,0,7.0
SMU,1957,14,14,9,0,4.0
SMU,1959,2,0,0,0,0.0
SMU,1985,16,14,6,0,0.0
SMU,2014,4,0,0,0,0.0
SMU,2015,9,0,0,0,18.0
SMU,2016,17,2,0,0,24.0
SMU,2017,6,0,0,0,12.0
SMU,2026,1,0,0,0,0.0
Saint Joseph's,1959,5,0,0,0,14.0
Saint Joseph's,1965,11,11,10,0,3.0
Saint Joseph's,1966,15,15,9,0,5.0
Saint Joseph's,1973,1,0,0,0,0.0
Saint Joseph's,1997,3,0,0,0,12.0
Saint Joseph's,2001,4,0,0,0,22.0
Saint Joseph's,2002,6,1,0,0,0.0
Saint Joseph's,2003,2,0,0,0,0.0
Saint Joseph's,2004,18,13,9,1,5.0
Saint Louis,1950,4,0,0,0,0.0
Saint Louis,1951,10,10,3,0,10.0
Saint Louis,1952,13,12,6,0,5.0
Saint Louis,1953,1,0,0,0,0.0
Saint Louis,1954,1,0,0,0,0.0
Saint Louis,1955,2,0,0,0,20.0
Saint Louis,1956,7,0,0,0,0.0
Saint Louis,1957,8,3,1,0,10.0
Saint Louis,1958,2,1,0,0,0.0
Saint Louis,1959,14,4,0,0,12.0
Saint Louis,1960,11,2,0,0,15.0
Saint Louis,1961,2,1,0,0,0.0
Saint Louis,1965,4,4,1,0,0.0
Saint Louis,1994,9,0,0,0,24.0
Saint Louis,2012,1,0,0,0,0.0
Saint Louis,2013,3,0,0,0,13.0
Saint Louis,2014,10,2,0,0,25.0
Saint Louis,2021,1,0,0,0,0.0
Saint Louis,2026,7,0,0,0,0.0
Saint Mary's,1959,4,0,0,0,15.0
Saint Mary's,1989,3,0,0,0,0.0
Saint Mary's,2008,6,0,0,0,0.0
Saint Mary's,2009,1,0,0,0,0.0
Saint Mary's,2011,1,0,0,0,0.0
Saint Mary's,2012,6,0,0,0,24.0
Saint Mary's,2017,19,0,0,0,19.0
Saint Mary's,2018,11,0,0,0,20.0
Saint Mary's,2020,2,0,0,0,0.0
Saint Mary's,2022,5,0,0,0,17.0
Saint Mary's,2023,8,0,0,0,16.0
Saint Mary's,2024,7,0,0,0,21.0
Saint Mary's,2025,4,0,0,0,19.0
Saint Mary's,2026,2,0,0,0,21.0
San Diego State,2011,19,13,1,0,6.0
San Diego State,2012,12,0,0,0,22.0
San Diego State,2013,12,0,0,0,0.0
San Diego State,2014,16,8,3,0,13.0
San Diego State,2015,7,0,0,0,0.0
San Diego State,2020,12,9,7,0,0.0
San Diego State,2021,7,0,0,0,19.0
San Diego State,2023,13,0,0,0,20.0
San Diego State,2024,7,0,0,0,0.0
San Diego State,2025,4,0,0,0,0.0
San Francisco,1950,5,0,0,0,12.0
San Francisco,1955,12,11,11,5,1.0
San Francisco,1956,15,15,15,15,1.0
San Francisco,1957,3,2,2,0,0.0
San Francisco,1958,14,14,9,0,4.0
San Francisco,1965,10,10,4,0,0.0
San Francisco,1973,9,1,0,0,20.0
San Francisco,1974,3,0,0,0,0.0
San Francisco,1976,7,0,0,0,0.0
San Francisco,1977,17,16,13,9,8.0
San Francisco,1978,10,3,2,0,11.0
San Francisco,1979,7,0,0,0,12.0
San Francisco,1982,13,7,0,0,0.0
Santa Clara,1953,1,0,0,0,16.0
Santa Clara,1954,1,0,0,0,0.0
Santa Clara,1969,14,12,9,0,3.0
Santa Clara,1970,4,0,0,0,0.0
Santa Clara,1973,1,0,0,0,0.0
Santa Clara,1996,2,0,0,0,0.0
Seattle,1953,13,0,0,0,14.0
Seattle,1954,12,5,0,0,17.0
Seattle,1957,13,11,5,0,5.0
Seattle,1958,10,0,0,0,18.0
Seattle,1959,10,0,0,0,13.0
Seattle,1962,2,2,0,0,0.0
Seattle,1963,1,1,0,0,0.0
Seattle,1965,1,0,0,0,0.0
Seton Hall,1952,13,4,0,0,14.0
Seton Hall,1953,14,14,14,6,2.0
Seton Hall,1955,1,0,0,0,0.0
Seton Hall,1989,15,3,0,0,11.0
Seton Hall,1991,6,0,0,0,13.0
Seton Hall,1992,14,3,0,0,19.0
Seton Hall,1993,18,14,0,0,6.0
Seton Hall,2000,1,0,0,0,0.0
Seton Hall,2001,13,7,0,0,0.0
Seton Hall,2012,1,0,0,0,0.0
Seton Hall,2015,3,0,0,0,0.0
Seton Hall,2016,1,0,0,0,20.0
Seton Hall,2018,10,0,0,0,0.0
Seton Hall,2020,14,4,0,0,0.0
Seton Hall,2022,8,0,0,0,0.0
Seton Hall,2026,1,0,0,0,0.0
Siena,1951,4,0,0,0,18.0
Siena,1952,7,0,0,0,0.0
Siena,1954,1,0,0,0,0.0
South Alabama,1981,8,0,0,0,0.0
South Carolina,1966,1,1,0,0,0.0
South Carolina,1969,4,1,0,0,13.0
South Carolina,1970,15,15,13,1,6.0
South Carolina,1971,16,15,6,0,6.0
South Carolina,1972,16,13,6,0,6.0
South Carolina,1973,2,0,0,0,0.0
South Carolina,1974,14,1,0,0,19.0
South Carolina,1975,9,2,1,0,0.0
South Carolina,1989,2,0,0,0,0.0
South Carolina,1991,8,0,0,0,0.0
South Carolina,1997,7,4,1,0,6.0
South Carolina,1998,18,7,3,0,14.0
South Carolina,2004,6,0,0,0,23.0
South Carolina,2016,6,0,0,0,0.0
South Carolina,2017,9,0,0,0,0.0
South Carolina,2024,7,0,0,0,15.0
South Florida,2024,2,0,0,0,0.0
Southern Illinois,1977,3,0,0,0,0.0
Southern Illinois,2004,5,0,0,0,0.0
Southern Illinois,2007,6,0,0,0,14.0
Southern Illinois,2008,3,0,0,0,0.0
Southern Miss,1988,2,0,0,0,0.0
Southern Miss,1991,17,1,0,0,25.0
St. Bonaventure,1951,1,0,0,0,0.0
St. Bonaventure,1952,10,8,4,0,15.0
St. Bonaventure,1953,3,0,0,0,0.0
St. Bonaventure,1958,1,0,0,0,0.0
St. Bonaventure,1959,8,0,0,0,19.0
St. Bonaventure,1960,5,3,0,0,9.0
St. Bonaventure,1961,13,13,12,0,3.0
St. Bonaventure,1962,1,1,0,0,0.0
St. Bonaventure,1963,1,1,0,0,0.0
St. Bonaventure,1968,11,11,8,0,3.0
St. Bonaventure,1969,6,3,0,0,0.0
St. Bonaventure,1970,14,10,10,0,3.0
St. Bonaventure,1971,8,2,0,0,0.0
St. Bonaventure,2022,3,0,0,0,0.0
St. John's,1950,10,10,7,2,9.0
St. John's,1951,12,8,1,0,9.0
St. John's,1952,12,9,2,1,10.0
St. John's,1953,2,1,0,0,7.0
St. John's,1955,1,0,0,0,0.0
St. John's,1957,1,0,0,0,0.0
St. John's,1958,6,0,0,0,0.0
St. John's,1959,10,4,0,0,0.0
St. John's,1960,4,0,0,0,20.0
St. John's,1961,8,8,2,0,0.0
St. John's,1962,1,1,0,0,0.0
St. John's,1965,7,7,0,0,0.0
St. John's,1967,1,1,0,0,0.0
St. John's,1969,10,9,1,0,8.0
St. John's,1970,1,0,0,0,0.0
St. John's,1971,1,0,0,0,0.0
St. John's,1972,6,3,0,0,0.0
St. John's,1973,9,1,0,0,0.0
St. John's,1976,13,1,0,0,0.0
St. John's,1977,1,0,0,0,0.0
St. John's,1978,3,0,0,0,0.0
St. John's,1979,1,0,0,0,17.0
St. John's,1980,15,8,0,0,13.0
St. John's,1981,2,0,0,0,0.0
St. John's,1982,1,0,0,0,0.0
St. John's,1983,17,14,3,0,3.0
St. John's,1984,8,2,0,0,0.0
St. John's,1985,17,17,15,5,3.0
St. John's,1986,16,11,2,0,4.0
St. John's,1987,10,2,0,0,0.0
St. John's,1988,2,0,0,0,0.0
St. John's,1990,13,0,0,0,0.0
St. John's,1991,17,7,1,0,20.0
St. John's,1992,13,4,0,0,0.0
St. John's,1993,2,0,0,0,0.0
St. John's,1995,1,0,0,0,0.0
St. John's,1999,16,8,0,0,9.0
St. John's,2000,7,1,0,0,9.0
St. John's,2001,4,0,0,0,0.0
St. John's,2011,4,0,0,0,18.0
St. John's,2015,5,0,0,0,0.0
St. John's,2019,1,0,0,0,0.0
St. John's,2025,11,6,0,0,6.0
St. John's,2026,15,1,1,0,13.0
Stanford,1952,2,0,0,0,0.0
Stanford,1956,1,0,0,0,0.0
Stanford,1963,6,6,0,0,0.0
Stanford,1975,2,0,0,0,0.0
Stanford,1989,10,0,0,0,13.0
Stanford,1992,1,0,0,0,0.0
Stanford,1995,8,0,0,0,0.0
Stanford,1996,9,0,0,0,0.0
Stanford,1997,18,0,0,0,21.0
Stanford,1998,18,11,2,0,10.0
Stanford,1999,18,18,10,0,7.0
Stanford,2000,19,18,16,5,3.0
Stanford,2001,19,19,19,7,2.0
Stanford,2002,18,1,0,0,24.0
Stanford,2003,10,0,0,0,18.0
Stanford,2004,18,14,12,4,1.0
Stanford,2006,2,0,0,0,0.0
Stanford,2007,2,0,0,0,0.0
Stanford,2008,13,6,0,0,10.0
Syracuse,1952,3,0,0,0,0.0
Syracuse,1958,1,0,0,0,0.0
Syracuse,1965,1,1,0,0,0.0
Syracuse,1967,2,2,0,0,0.0
Syracuse,1973,3,0,0,0,14.0
Syracuse,1974,4,0,0,0,0.0
Syracuse,1975,3,2,0,0,6.0
Syracuse,1976,1,0,0,0,0.0
Syracuse,1977,14,2,0,0,6.0
Syracuse,1978,16,5,0,0,0.0
Syracuse,1979,16,12,0,0,8.0
Syracuse,1980,15,13,7,0,6.0
Syracuse,1981,3,0,0,0,0.0
Syracuse,1983,13,1,0,0,0.0
Syracuse,1984,7,0,0,0,18.0
Syracuse,1985,17,10,1,0,15.0
Syracuse,1986,17,15,9,0,9.0
Syracuse,1987,16,11,2,0,10.0
Syracuse,1988,17,10,2,1,9.0
Syracuse,1989,18,15,8,0,7.0
Syracuse,1990,17,15,10,6,6.0
Syracuse,1991,17,16,7,0,7.0
Syracuse,1992,11,1,0,0,21.0
Syracuse,1993,9,0,0,0,0.0
Syracuse,1994,18,0,0,0,15.0
Syracuse,1995,18,6,0,0,25.0
Syracuse,1996,14,0,0,0,15.0
Syracuse,1997,4,0,0,0,0.0
Syracuse,1998,13,0,0,0,21.0
Syracuse,1999,16,0,0,0,0.0
Syracuse,2000,19,11,3,0,16.0
Syracuse,2001,16,3,0,0,17.0
Syracuse,2002,13,2,0,0,0.0
Syracuse,2003,9,0,0,0,13.0
Syracuse,2004,15,2,0,0,20.0
Syracuse,2005,19,15,5,0,11.0
Syracuse,2006,6,0,0,0,21.0
Syracuse,2007,7,0,0,0,0.0
Syracuse,2008,1,0,0,0,0.0
Syracuse,2009,15,2,0,0,13.0
Syracuse,2010,17,17,13,1,4.0
Syracuse,2011,19,12,6,0,12.0
Syracuse,2012,19,19,19,6,2.0
Syracuse,2013,19,16,4,0,16.0
Syracuse,2014,20,18,13,3,14.0
Syracuse,2015,2,0,0,0,0.0
Syracuse,2016,1,0,0,0,0.0
Syracuse,2017,4,0,0,0,0.0
Syracuse,2019,3,0,0,0,0.0
TCU,1952,2,0,0,0,0.0
TCU,1955,1,0,0,0,0.0
TCU,1958,1,0,0,0,0.0
TCU,1959,8,0,0,0,16.0
TCU,1987,8,0,0,0,19.0
TCU,1998,7,0,0,0,15.0
TCU,1999,6,0,0,0,0.0
TCU,2015,1,0,0,0,0.0
TCU,2018,8,1,0,0,0.0
TCU,2019,4,0,0,0,0.0
TCU,2023,17,0,0,0,22.0
TCU,2024,2,0,0,0,0.0
Temple,1956,14,7,0,0,15.0
Temple,1958,12,7,3,0,5.0
Temple,1979,9,0,0,0,0.0
Temple,1984,5,0,0,0,20.0
Temple,1987,13,9,2,0,8.0
Temple,1988,17,14,9,6,1.0
Temple,1989,3,0,0,0,0.0
Temple,1990,3,0,0,0,0.0
Temple,1991,2,0,0,0,0.0
Temple,1994,18,12,4,0,12.0
Temple,1998,10,0,0,0,24.0
Temple,1999,6,4,0,0,0.0
Temple,2000,17,8,3,0,5.0
Temple,2001,1,0,0,0,0.0
Temple,2002,2,0,0,0,0.0
Temple,2010,13,0,0,0,12.0
Temple,2011,9,0,0,0,0.0
Temple,2012,3,0,0,0,0.0
Tennessee,1950,1,0,0,0,0.0
Tennessee,1955,1,0,0,0,0.0
Tennessee,1957,3,0,0,0,0.0
Tennessee,1958,4,0,0,0,0.0
Tennessee,1959,5,2,1,0,0.0
Tennessee,1965,1,1,0,0,0.0
Tennessee,1967,3,3,0,0,8.0
Tennessee,1968,9,9,4,0,0.0
Tennessee,1969,5,0,0,0,0.0
Tennessee,1970,5,4,0,0,0.0
Tennessee,1971,15,3,0,0,17.0
Tennessee,1972,3,0,0,0,0.0
Tennessee,1973,2,0,0,0,0.0
Tennessee,1975,4,0,0,0,0.0
Tennessee,1976,17,12,0,0,13.0
Tennessee,1977,13,3,0,0,15.0
Tennessee,1979,1,0,0,0,0.0
Tennessee,1980,2,0,0,0,0.0
Tennessee,1981,11,6,0,0,15.0
Tennessee,1982,4,0,0,0,0.0
Tennessee,1983,9,2,0,0,0.0
Tennessee,1989,8,0,0,0,0.0
Tennessee,1999,6,1,0,0,20.0
Tennessee,2000,19,5,1,0,11.0
Tennessee,2001,16,14,4,0,0.0
Tennessee,2006,9,2,0,0,18.0
Tennessee,2007,9,0,0,0,25.0
Tennessee,2008,20,16,7,1,5.0
Tennessee,2009,10,2,0,0,0.0
Tennessee,2010,19,7,0,0,15.0
Tennessee,2011,7,1,0,0,0.0
Tennessee,2018,15,0,0,0,13.0
Tennessee,2019,20,20,14,4,8.0
Tennessee,2020,5,0,0,0,0.0
Tennessee,2021,12,6,0,0,0.0
Tennessee,2022,19,2,0,0,9.0
Tennessee,2023,19,11,3,0,17.0
Tennessee,2024,20,18,9,0,5.0
Tennessee,2025,20,17,10,5,8.0
Tennessee,2026,16,0,0,0,25.0
Texas,1978,9,0,0,0,17.0
Texas,1979,12,1,0,0,0.0
Texas,1982,4,2,1,0,0.0
Texas,1991,8,0,0,0,23.0
Texas,1994,2,0,0,0,20.0
Texas,1996,1,0,0,0,0.0
Texas,1997,12,0,0,0,0.0
Texas,1998,1,0,0,0,0.0
Texas,1999,1,0,0,0,0.0
Texas,2000,19,2,0,0,15.0
Texas,2001,6,0,0,0,18.0
Texas,2002,2,0,0,0,0.0
Texas,2003,19,19,13,0,5.0
Texas,2004,18,4,0,0,12.0
Texas,2005,14,1,0,0,0.0
Texas,2006,19,16,7,0,9.0
Texas,2007,9,0,0,0,11.0
Texas,2008,20,11,4,0,7.0
Texas,2009,14,9,1,0,0.0
Texas,2010,16,13,11,2,0.0
Texas,2011,17,9,4,0,8.0
Texas,2014,5,0,0,0,0.0
Texas,2015,13,8,0,0,0.0
Texas,2016,5,0,0,0,0.0
Texas,2017,3,0,0,0,0.0
Texas,2019,1,0,0,0,0.0
Texas,2020,1,0,0,0,0.0
Texas,2021,17,6,4,0,13.0
Texas,2022,18,5,1,0,22.0
Texas,2023,19,17,4,0,7.0
Texas,2024,10,0,0,0,0.0
Texas,2025,1,0,0,0,0.0
Texas A&M,1959,1,0,0,0,0.0
Texas A&M,1960,9,4,0,0,0.0
Texas A&M,1976,2,0,0,0,0.0
Texas A&M,1979,8,1,0,0,0.0
Texas A&M,1980,1,0,0,0,0.0
Texas A&M,1981,6,0,0,0,0.0
Texas A&M,2007,19,12,0,0,9.0
Texas A&M,2008,16,2,0,0,0.0
Texas A&M,2010,9,0,0,0,23.0
Texas A&M,2011,13,0,0,0,24.0
Texas A&M,2012,6,0,0,0,0.0
Texas A&M,2016,15,3,1,0,15.0
Texas A&M,2018,10,5,1,0,0.0
Texas A&M,2023,5,0,0,0,18.0
Texas A&M,2024,5,0,0,0,0.0
Texas A&M,2025,20,4,0,0,14.0
Texas Tech,1976,2,0,0,0,16.0
Texas Tech,1985,1,0,0,0,17.0
Texas Tech,1996,9,4,0,0,8.0
Texas Tech,1997,10,0,0,0,0.0
Texas Tech,2002,2,0,0,0,0.0
Texas Tech,2003,2,0,0,0,0.0
Texas Tech,2004,7,0,0,0,0.0
Texas Tech,2005,2,0,0,0,24.0
Texas Tech,2010,5,0,0,0,0.0
Texas Tech,2018,15,6,0,0,14.0
Texas Tech,2019,17,5,0,0,7.0
Texas Tech,2020,12,0,0,0,0.0
Texas Tech,2021,17,2,0,0,20.0
Texas Tech,2022,14,2,0,0,14.0
Texas Tech,2023,3,0,0,0,0.0
Texas Tech,2024,7,0,0,0,25.0
Texas Tech,2025,8,5,0,0,9.0
Texas Tech,2026,20,2,0,0,16.0
Toledo,1950,2,0,0,0,0.0
Toledo,1951,8,1,0,0,14.0
Toledo,1953,1,0,0,0,0.0
Toledo,1960,9,0,0,0,0.0
Toledo,1964,1,1,0,0,0.0
Toledo,1979,1,0,0,0,19.0
Tulane,1950,1,0,0,0,0.0
Tulane,1957,3,0,0,0,0.0
Tulane,1992,9,0,0,0,0.0
Tulane,1993,13,0,0,0,0.0
Tulane,1997,2,0,0,0,0.0
Tulsa,1953,8,1,0,0,0.0
Tulsa,1955,4,0,0,0,16.0
Tulsa,1956,1,0,0,0,0.0
Tulsa,1969,7,1,0,0,0.0
Tulsa,1982,16,8,0,0,10.0
Tulsa,1983,2,0,0,0,0.0
Tulsa,1984,10,2,0,0,12.0
Tulsa,1985,9,0,0,0,18.0
Tulsa,1996,1,0,0,0,0.0
Tulsa,1997,5,0,0,0,0.0
Tulsa,2000,12,0,0,0,18.0
Tulsa,2003,7,0,0,0,0.0
UAB,1982,7,1,0,0,17.0
UAB,1985,5,0,0,0,0.0
UAB,1986,10,0,0,0,0.0
UAB,1994,8,0,0,0,0.0
UAB,2006,2,0,0,0,25.0
UAB,2010,2,0,0,0,0.0
UCF,2011,4,0,0,0,0.0
UCF,2019,1,0,0,0,0.0
UCF,2026,1,0,0,0,0.0
UCLA,1950,10,7,0,0,7.0
UCLA,1951,3,1,0,0,0.0
UCLA,1952,2,0,0,0,19.0
UCLA,1953,3,0,0,0,0.0
UCLA,1954,4,0,0,0,0.0
UCLA,1955,14,10,0,0,13.0
UCLA,1956,9,2,0,0,8.0
UCLA,1957,11,10,2,0,14.0
UCLA,1958,2,0,0,0,0.0
UCLA,1959,1,0,0,0,0.0
UCLA,1961,5,2,0,0,0.0
UCLA,1963,1,1,0,0,0.0
UCLA,1964,13,13,12,10,1.0
UCLA,1965,15,15,14,4,2.0
UCLA,1966,7,7,2,2,0.0
UCLA,1967,15,15,15,15,1.0
UCLA,1968,16,16,16,8,2.0
UCLA,1969,15,15,15,15,1.0
UCLA,1970,15,15,15,8,2.0
UCLA,1971,16,16,16,14,1.0
UCLA,1972,16,16,16,16,1.0
UCLA,1973,16,16,16,16,1.0
UCLA,1974,18,18,18,11,2.0
UCLA,1975,19,19,19,2,1.0
UCLA,1976,17,16,8,0,5.0
UCLA,1977,17,16,10,0,2.0
UCLA,1978,17,17,9,0,2.0
UCLA,1979,17,17,14,1,2.0
UCLA,1980,7,3,0,0,0.0
UCLA,1981,16,12,4,0,10.0
UCLA,1982,10,2,1,0,19.0
UCLA,1983,17,17,9,2,7.0
UCLA,1984,11,8,0,0,0.0
UCLA,1987,4,0,0,0,15.0
UCLA,1989,1,0,0,0,0.0
UCLA,1990,13,0,0,0,0.0
UCLA,1991,17,7,1,0,16.0
UCLA,1992,18,17,15,0,4.0
UCLA,1993,10,0,0,0,0.0
UCLA,1994,18,12,4,1,17.0
UCLA,1995,18,18,12,3,1.0
UCLA,1996,16,2,2,0,14.0
UCLA,1997,11,5,2,0,7.0
UCLA,1998,18,11,0,0,19.0
UCLA,1999,18,5,0,0,15.0
UCLA,2000,10,0,0,0,0.0
UCLA,2001,8,0,0,0,15.0
UCLA,2002,15,4,2,0,0.0
UCLA,2003,3,0,0,0,0.0
UCLA,2006,19,1,0,0,7.0
UCLA,2007,19,19,16,6,7.0
UCLA,2008,20,20,14,0,3.0
UCLA,2009,19,4,2,0,18.0
UCLA,2012,1,0,0,0,0.0
UCLA,2013,6,0,0,0,24.0
UCLA,2014,7,0,0,0,20.0
UCLA,2015,1,0,0,0,0.0
UCLA,2016,2,0,0,0,0.0
UCLA,2017,19,14,11,0,3.0
UCLA,2018,3,0,0,0,0.0
UCLA,2019,3,0,0,0,0.0
UCLA,2021,4,0,0,0,0.0
UCLA,2022,19,13,11,0,13.0
UCLA,2023,19,13,6,0,2.0
UCLA,2025,6,0,0,0,0.0
UCLA,2026,5,0,0,0,0.0
UConn,1954,2,0,0,0,0.0
UConn,1981,2,0,0,0,0.0
UConn,1989,1,0,0,0,0.0
UConn,1990,8,6,2,0,4.0
UConn,1991,10,1,0,0,0.0
UConn,1992,15,9,3,0,0.0
UConn,1993,10,0,0,0,0.0
UConn,1994,15,9,6,0,4.0
UConn,1995,18,15,8,1,8.0
UConn,1996,18,18,9,0,3.0
UConn,1998,18,11,0,0,6.0
UConn,1999,18,18,18,10,3.0
UConn,2000,19,13,7,1,20.0
UConn,2001,12,2,0,0,0.0
UConn,2002,5,1,0,0,10.0
UConn,2003,15,6,2,0,23.0
UConn,2004,18,18,12,7,7.0
UConn,2005,19,6,0,0,13.0
UConn,2006,19,19,19,5,2.0
UConn,2007,10,0,0,0,0.0
UConn,2008,7,0,0,0,16.0
UConn,2009,19,19,19,4,5.0
UConn,2010,11,1,0,0,0.0
UConn,2011,16,12,4,0,9.0
UConn,2012,12,9,3,0,0.0
UConn,2013,2,0,0,0,0.0
UConn,2014,15,2,0,0,18.0
UConn,2015,3,0,0,0,0.0
UConn,2016,5,0,0,0,0.0
UConn,2017,1,0,0,0,0.0
UConn,2021,2,0,0,0,0.0
UConn,2022,15,0,0,0,20.0
UConn,2023,18,7,5,0,11.0
UConn,2024,20,20,19,6,2.0
UConn,2025,14,5,4,0,0.0
UConn,2026,20,20,16,0,6.0
UMass,1992,4,0,0,0,17.0
UMass,1993,11,0,0,0,14.0
UMass,1994,18,12,0,0,8.0
UMass,1995,18,18,15,5,7.0
UMass,1996,18,18,16,10,1.0
UMass,1997,3,0,0,0,0.0
UMass,1998,4,0,0,0,0.0
UMass,1999,2,0,0,0,0.0
UMass,2014,10,0,0,0,0.0
UNLV,1974,5,0,0,0,0.0
UNLV,1975,3,0,0,0,17.0
UNLV,1976,15,12,9,0,3.0
UNLV,1977,17,14,7,0,4.0
UNLV,1978,9,7,0,0,0.0
UNLV,1979,6,0,0,0,0.0
UNLV,1982,2,0,0,0,0.0
UNLV,1983,17,10,6,2,6.0
UNLV,1984,11,8,3,0,13.0
UNLV,1985,11,2,0,0,9.0
UNLV,1986,17,6,0,0,11.0
UNLV,1987,16,16,16,12,1.0
UNLV,1988,16,7,3,0,12.0
UNLV,1989,18,5,0,0,15.0
UNLV,1990,17,13,7,1,2.0
UNLV,1991,17,17,17,17,1.0
UNLV,1992,10,4,0,0,7.0
UNLV,1993,18,2,0,0,25.0
UNLV,2007,2,0,0,0,19.0
UNLV,2010,3,0,0,0,0.0
UNLV,2011,4,0,0,0,0.0
UNLV,2012,14,0,0,0,23.0
UNLV,2013,9,0,0,0,0.0
USC,1950,2,0,0,0,0.0
USC,1951,9,0,0,0,19.0
USC,1953,2,0,0,0,0.0
USC,1954,1,0,0,0,11.0
USC,1955,3,0,0,0,0.0
USC,1960,5,2,0,0,0.0
USC,1961,7,7,0,0,7.0
USC,1962,8,8,5,0,0.0
USC,1963,1,1,0,0,0.0
USC,1970,11,1,0,0,20.0
USC,1971,16,16,12,0,5.0
USC,1972,10,7,3,0,0.0
USC,1973,3,0,0,0,0.0
USC,1974,16,2,0,0,17.0
USC,1975,17,13,1,0,0.0
USC,1976,1,0,0,0,0.0
USC,1979,5,0,0,0,0.0
USC,1992,10,3,0,0,8.0
USC,2000,1,0,0,0,0.0
USC,2001,14,0,0,0,0.0
USC,2002,11,0,0,0,18.0
USC,2007,5,0,0,0,23.0
USC,2008,6,0,0,0,0.0
USC,2009,2,0,0,0,0.0
USC,2016,2,0,0,0,0.0
USC,2017,5,0,0,0,0.0
USC,2018,5,3,0,0,0.0
USC,2021,5,0,0,0,24.0
USC,2022,18,5,1,0,21.0
USC,2024,3,0,0,0,0.0
USC,2026,2,0,0,0,0.0
UT Rio Grande Valley,1975,5,0,0,0,0.0
UTEP,1966,10,10,5,0,3.0
UTEP,1967,15,15,6,0,10.0
UTEP,1974,1,0,0,0,0.0
UTEP,1975,3,0,0,0,0.0
UTEP,1984,14,11,1,0,9.0
UTEP,1986,8,0,0,0,20.0
UTEP,1988,2,0,0,0,0.0
UTEP,1991,1,0,0,0,0.0
UTEP,1992,4,0,0,0,0.0
UTEP,2010,2,0,0,0,0.0
Utah,1952,3,0,0,0,0.0
Utah,1955,14,12,3,0,7.0
Utah,1956,8,4,3,0,18.0
Utah,1958,4,0,0,0,0.0
Utah,1959,6,0,0,0,18.0
Utah,1960,12,12,3,0,6.0
Utah,1961,2,0,0,0,0.0
Utah,1962,3,3,0,0,7.0
Utah,1968,5,5,1,0,0.0
Utah,1974,3,0,0,0,15.0
Utah,1977,6,0,0,0,14.0
Utah,1978,6,0,0,0,14.0
Utah,1981,12,6,0,0,14.0
Utah,1991,9,4,0,0,10.0
Utah,1992,6,1,0,0,0.0
Utah,1993,10,1,0,0,19.0
Utah,1995,2,0,0,0,19.0
Utah,1996,18,9,0,0,12.0
Utah,1997,18,18,11,0,2.0
Utah,1998,18,14,9,0,7.0
Utah,1999,11,4,0,0,6.0
Utah,2000,12,0,0,0,0.0
Utah,2001,5,0,0,0,0.0
Utah,2003,2,0,0,0,0.0
Utah,2005,8,0,0,0,18.0
Utah,2009,1,0,0,0,25.0
Utah,2015,18,4,0,0,19.0
Utah,2016,9,0,0,0,13.0
Utah State,1960,10,8,0,0,8.0
Utah State,1961,1,0,0,0,0.0
Utah State,1970,3,0,0,0,16.0
Utah State,1971,14,1,0,0,0.0
Utah State,2004,6,0,0,0,25.0
Utah State,2009,2,0,0,0,0.0
Utah State,2011,6,0,0,0,19.0
Utah State,2020,5,0,0,0,0.0
Utah State,2024,9,0,0,0,18.0
Utah State,2025,2,0,0,0,0.0
Utah State,2026,1,0,0,0,0.0
VCU,1984,1,0,0,0,0.0
VCU,1985,8,0,0,0,11.0
VCU,2013,4,0,0,0,0.0
VCU,2014,5,1,0,0,24.0
VCU,2015,12,0,0,0,25.0
VCU,2020,3,0,0,0,0.0
VMI,1977,3,0,0,0,20.0
Vanderbilt,1950,3,0,0,0,0.0
Vanderbilt,1952,1,0,0,0,0.0
Vanderbilt,1954,3,0,0,0,0.0
Vanderbilt,1955,8,0,0,0,17.0
Vanderbilt,1956,14,12,7,0,12.0
Vanderbilt,1957,11,7,0,0,8.0
Vanderbilt,1961,2,0,0,0,0.0
Vanderbilt,1964,9,9,1,0,0.0
Vanderbilt,1965,8,8,3,0,5.0
Vanderbilt,1966,15,15,14,0,8.0
Vanderbilt,1967,5,5,0,0,0.0
Vanderbilt,1968,13,13,3,0,0.0
Vanderbilt,1969,2,0,0,0,0.0
Vanderbilt,1973,6,2,0,0,0.0
Vanderbilt,1974,15,11,4,0,13.0
Vanderbilt,1979,5,0,0,0,0.0
Vanderbilt,1988,5,0,0,0,0.0
Vanderbilt,1993,12,4,1,0,8.0
Vanderbilt,1994,7,0,0,0,0.0
Vanderbilt,2000,5,0,0,0,0.0
Vanderbilt,2004,5,0,0,0,0.0
Vanderbilt,2007,4,0,0,0,0.0
Vanderbilt,2008,16,0,0,0,19.0
Vanderbilt,2010,9,0,0,0,21.0
Vanderbilt,2011,9,0,0,0,25.0
Vanderbilt,2012,7,1,0,0,20.0
Vanderbilt,2016,5,0,0,0,0.0
Vanderbilt,2025,1,0,0,0,0.0
Vanderbilt,2026,17,1,0,0,22.0
Villanova,1950,7,0,0,0,11.0
Villanova,1951,12,4,0,0,20.0
Villanova,1952,4,0,0,0,0.0
Villanova,1953,1,0,0,0,0.0
Villanova,1955,3,0,0,0,0.0
Villanova,1959,3,0,0,0,0.0
Villanova,1960,12,6,0,0,17.0
Villanova,1962,2,2,1,0,0.0
Villanova,1964,11,11,1,0,7.0
Villanova,1965,3,2,0,0,8.0
Villanova,1969,15,10,1,0,10.0
Villanova,1970,5,2,0,0,0.0
Villanova,1971,12,3,0,0,19.0
Villanova,1972,6,0,0,0,15.0
Villanova,1982,4,0,0,0,0.0
Villanova,1983,17,6,3,0,13.0
Villanova,1985,6,0,0,0,0.0
Villanova,1988,2,0,0,0,0.0
Villanova,1989,4,0,0,0,0.0
Villanova,1991,1,0,0,0,0.0
Villanova,1995,13,2,0,0,9.0
Villanova,1996,18,18,7,0,10.0
Villanova,1997,18,9,3,0,20.0
Villanova,2005,7,0,0,0,19.0
Villanova,2006,19,19,17,0,3.0
Villanova,2008,10,0,0,0,0.0
Villanova,2009,19,2,0,0,11.0
Villanova,2010,19,19,11,0,9.0
Villanova,2011,17,11,0,0,0.0
Villanova,2014,16,14,2,0,6.0
Villanova,2015,19,16,5,0,2.0
Villanova,2016,19,13,7,3,6.0
Villanova,2017,19,19,19,7,2.0
Villanova,2018,19,19,18,8,2.0
Villanova,2019,14,2,0,0,25.0
Villanova,2020,18,6,0,0,0.0
Villanova,2021,17,14,9,0,14.0
Villanova,2022,19,10,2,0,8.0
Villanova,2023,1,0,0,0,0.0
Villanova,2024,3,0,0,0,0.0
Virginia,1971,2,0,0,0,0.0
Virginia,1972,14,7,0,0,20.0
Virginia,1976,2,0,0,0,18.0
Virginia,1978,9,0,0,0,0.0
Virginia,1980,11,1,0,0,0.0
Virginia,1981,16,16,13,4,5.0
Virginia,1982,16,16,15,3,3.0
Virginia,1983,17,17,15,5,4.0
Virginia,1984,2,0,0,0,0.0
Virginia,1991,15,0,0,0,0.0
Virginia,1993,8,1,0,0,0.0
Virginia,1994,4,0,0,0,0.0
Virginia,1995,15,0,0,0,13.0
Virginia,1996,7,0,0,0,0.0
Virginia,1997,1,0,0,0,0.0
Virginia,2001,19,6,0,0,16.0
Virginia,2002,15,11,3,0,0.0
Virginia,2003,1,0,0,0,0.0
Virginia,2005,5,0,0,0,0.0
Virginia,2007,2,0,0,0,0.0
Virginia,2008,1,0,0,0,0.0
Virginia,2012,11,0,0,0,0.0
Virginia,2014,9,3,2,0,3.0
Virginia,2015,19,19,12,0,6.0
Virginia,2016,19,15,7,0,4.0
Virginia,2017,19,5,0,0,21.0
Virginia,2018,16,12,10,5,1.0
Virginia,2019,20,20,20,0,2.0
Virginia,2020,11,6,1,0,0.0
Virginia,2021,17,4,1,0,16.0
Virginia,2022,1,0,0,0,0.0
Virginia,2023,19,11,4,0,13.0
Virginia,2024,4,0,0,0,0.0
Virginia,2026,15,2,0,0,10.0
Virginia Tech,1960,1,0,0,0,0.0
Virginia Tech,1973,2,0,0,0,0.0
Virginia Tech,1976,4,0,0,0,0.0
Virginia Tech,1982,1,0,0,0,0.0
Virginia Tech,1983,1,0,0,0,0.0
Virginia Tech,1985,6,0,0,0,0.0
Virginia Tech,1986,10,0,0,0,0.0
Virginia Tech,1996,18,2,0,0,22.0
Virginia Tech,2007,4,0,0,0,0.0
Virginia Tech,2011,2,0,0,0,0.0
Virginia Tech,2017,1,0,0,0,0.0
Virginia Tech,2019,20,5,0,0,16.0
Virginia Tech,2021,15,0,0,0,22.0
Virginia Tech,2023,2,0,0,0,0.0
Wake Forest,1953,2,0,0,0,15.0
Wake Forest,1955,2,0,0,0,0.0
Wake Forest,1956,4,0,0,0,16.0
Wake Forest,1957,11,1,0,0,18.0
Wake Forest,1960,6,1,0,0,19.0
Wake Forest,1961,1,0,0,0,0.0
Wake Forest,1962,1,1,1,0,0.0
Wake Forest,1975,1,0,0,0,0.0
Wake Forest,1976,3,2,1,0,0.0
Wake Forest,1977,15,11,2,0,9.0
Wake Forest,1978,3,0,0,0,0.0
Wake Forest,1981,14,9,3,0,11.0
Wake Forest,1982,8,0,0,0,18.0
Wake Forest,1983,1,0,0,0,0.0
Wake Forest,1984,14,2,0,0,19.0
Wake Forest,1992,8,0,0,0,0.0
Wake Forest,1993,7,2,0,0,16.0
Wake Forest,1995,18,4,1,0,3.0
Wake Forest,1996,18,9,0,0,9.0
Wake Forest,1997,18,18,16,0,9.0
Wake Forest,1998,3,0,0,0,0.0
Wake Forest,2000,4,0,0,0,0.0
Wake Forest,2001,19,7,2,0,23.0
Wake Forest,2002,14,0,0,0,0.0
Wake Forest,2003,13,4,0,0,8.0
Wake Forest,2004,18,5,2,0,17.0
Wake Forest,2005,19,19,14,2,5.0
Wake Forest,2006,9,0,0,0,0.0
Wake Forest,2009,19,12,3,1,12.0
Wake Forest,2010,1,0,0,0,0.0
Washington,1950,2,0,0,0,0.0
Washington,1951,8,0,0,0,15.0
Washington,1952,13,13,2,0,6.0
Washington,1953,14,14,11,0,4.0
Washington,1959,1,0,0,0,0.0
Washington,1970,5,2,0,0,0.0
Washington,1975,1,0,0,0,0.0
Washington,1976,15,8,0,0,0.0
Washington,1982,1,0,0,0,0.0
Washington,1984,6,0,0,0,15.0
Washington,1985,7,5,0,0,0.0
Washington,1999,5,0,0,0,0.0
Washington,2005,19,4,0,0,8.0
Washington,2006,17,5,0,0,17.0
Washington,2007,9,0,0,0,0.0
Washington,2009,7,0,0,0,15.0
Washington,2010,9,0,0,0,0.0
Washington,2011,11,0,0,0,23.0
Washington,2015,4,0,0,0,0.0
Washington,2019,2,0,0,0,0.0
Washington,2020,7,0,0,0,0.0
Washington State,1950,3,0,0,0,18.0
Washington State,1980,1,0,0,0,0.0
Washington State,1983,1,0,0,0,0.0
Washington State,2007,9,2,0,0,13.0
Washington State,2008,20,13,3,0,21.0
Washington State,2024,5,0,0,0,22.0
Weber State,1980,7,0,0,0,17.0
West Virginia,1951,1,0,0,0,0.0
West Virginia,1952,9,5,0,0,9.0
West Virginia,1955,2,0,0,0,19.0
West Virginia,1956,5,0,0,0,20.0
West Virginia,1957,14,4,1,0,7.0
West Virginia,1958,14,14,12,8,1.0
West Virginia,1959,14,11,2,0,10.0
West Virginia,1960,12,12,11,0,5.0
West Virginia,1961,4,4,0,0,9.0
West Virginia,1962,2,2,1,0,0.0
West Virginia,1963,6,6,2,0,0.0
West Virginia,1972,1,0,0,0,0.0
West Virginia,1982,6,3,0,0,14.0
West Virginia,1983,3,0,0,0,0.0
West Virginia,1989,7,0,0,0,17.0
West Virginia,1994,3,0,0,0,0.0
West Virginia,1998,11,0,0,0,0.0
West Virginia,2005,1,0,0,0,0.0
West Virginia,2006,15,2,0,0,22.0
West Virginia,2007,4,0,0,0,0.0
West Virginia,2008,2,0,0,0,0.0
West Virginia,2009,1,0,0,0,0.0
West Virginia,2010,19,18,1,0,6.0
West Virginia,2011,5,0,0,0,22.0
West Virginia,2015,17,0,0,0,20.0
West Virginia,2016,16,7,0,0,8.0
West Virginia,2017,19,6,0,0,11.0
West Virginia,2018,19,6,1,0,18.0
West Virginia,2019,1,0,0,0,0.0
West Virginia,2020,11,0,0,0,0.0
West Virginia,2021,17,7,0,0,10.0
West Virginia,2023,1,0,0,0,0.0
West Virginia,2025,2,0,0,0,0.0
Western Kentucky,1950,9,4,0,0,8.0
Western Kentucky,1952,4,0,0,0,0.0
Western Kentucky,1953,14,11,0,0,17.0
Western Kentucky,1954,15,14,10,0,8.0
Western Kentucky,1955,1,0,0,0,0.0
Western Kentucky,1957,7,0,0,0,0.0
Western Kentucky,1958,1,0,0,0,0.0
Western Kentucky,1960,1,0,0,0,0.0
Western Kentucky,1966,1,1,0,0,10.0
Western Kentucky,1967,8,8,2,0,6.0
Western Kentucky,1969,4,0,0,0,0.0
Western Kentucky,1970,5,0,0,0,18.0
Western Kentucky,1971,16,13,2,0,7.0
Western Kentucky,1986,1,0,0,0,0.0
Western Kentucky,1987,2,1,0,0,0.0
Western Kentucky,1993,1,0,0,0,20.0
Western Kentucky,1994,2,0,0,0,0.0
Western Kentucky,1995,2,0,0,0,21.0
Western Kentucky,2002,7,0,0,0,19.0
Western Kentucky,2003,2,0,0,0,0.0
Western Michigan,1976,7,1,0,0,10.0
Wichita State,1954,9,0,0,0,0.0
Wichita State,1955,3,0,0,0,0.0
Wichita State,1958,4,0,0,0,0.0
Wichita State,1961,2,0,0,0,0.0
Wichita State,1962,1,1,0,0,0.0
Wichita State,1963,11,11,1,0,5.0
Wichita State,1964,9,9,5,0,5.0
Wichita State,1965,12,12,9,1,0.0
Wichita State,1966,2,2,0,0,0.0
Wichita State,1981,4,0,0,0,0.0
Wichita State,1982,8,7,5,0,0.0
Wichita State,1983,6,0,0,0,14.0
Wichita State,1984,2,0,0,0,0.0
Wichita State,2007,6,3,0,0,0.0
Wichita State,2012,5,0,0,0,18.0
Wichita State,2013,5,0,0,0,0.0
Wichita State,2014,20,13,10,0,2.0
Wichita State,2015,19,3,0,0,14.0
Wichita State,2016,6,2,0,0,0.0
Wichita State,2017,2,0,0,0,0.0
Wichita State,2018,19,10,2,0,11.0
Wichita State,2020,4,0,0,0,0.0
Winthrop,2007,2,0,0,0,22.0
Wisconsin,1950,4,0,0,0,16.0
Wisconsin,1954,1,0,0,0,0.0
Wisconsin,1963,3,3,0,0,0.0
Wisconsin,1974,5,0,0,0,0.0
Wisconsin,1994,13,0,0,0,0.0
Wisconsin,1995,7,0,0,0,0.0
Wisconsin,1999,13,0,0,0,18.0
Wisconsin,2001,19,1,0,0,25.0
Wisconsin,2003,5,0,0,0,21.0
Wisconsin,2004,18,2,0,0,10.0
Wisconsin,2005,14,0,0,0,20.0
Wisconsin,2006,4,0,0,0,0.0
Wisconsin,2007,19,17,12,1,6.0
Wisconsin,2008,13,5,0,0,6.0
Wisconsin,2009,3,0,0,0,0.0
Wisconsin,2010,13,0,0,0,16.0
Wisconsin,2011,10,2,0,0,16.0
Wisconsin,2012,17,1,0,0,14.0
Wisconsin,2013,7,0,0,0,18.0
Wisconsin,2014,19,10,6,0,12.0
Wisconsin,2015,19,19,14,0,3.0
Wisconsin,2016,1,0,0,0,0.0
Wisconsin,2017,19,4,0,0,24.0
Wisconsin,2019,15,0,0,0,19.0
Wisconsin,2020,1,0,0,0,0.0
Wisconsin,2021,15,7,1,0,0.0
Wisconsin,2022,14,2,0,0,12.0
Wisconsin,2023,5,0,0,0,0.0
Wisconsin,2024,11,1,0,0,0.0
Wisconsin,2025,14,0,0,0,18.0
Wisconsin,2026,6,0,0,0,23.0
Wofford,2019,4,0,0,0,20.0
Wyoming,1950,3,0,0,0,0.0
Wyoming,1951,5,2,0,0,0.0
Wyoming,1952,4,0,0,0,16.0
Wyoming,1953,1,0,0,0,0.0
Wyoming,1954,2,0,0,0,0.0
Wyoming,1969,1,0,0,0,0.0
Wyoming,1981,2,0,0,0,17.0
Wyoming,1988,15,7,3,0,13.0
Wyoming,2015,1,0,0,0,0.0
Wyoming,2022,1,0,0,0,0.0
Xavier,1959,3,2,0,0,0.0
Xavier,1988,3,0,0,0,18.0
Xavier,1990,10,0,0,0,25.0
Xavier,1993,3,0,0,0,0.0
Xavier,1994,3,0,0,0,0.0
Xavier,1995,1,0,0,0,0.0
Xavier,1997,15,0,0,0,13.0
Xavier,1998,14,6,0,0,23.0
Xavier,1999,4,0,0,0,0.0
Xavier,2001,2,0,0,0,0.0
Xavier,2002,2,0,0,0,22.0
Xavier,2003,16,2,0,0,12.0
Xavier,2007,1,0,0,0,0.0
Xavier,2008,14,4,0,0,12.0
Xavier,2009,17,4,0,0,20.0
Xavier,2010,3,0,0,0,25.0
Xavier,2011,5,0,0,0,20.0
Xavier,2012,7,2,0,0,0.0
Xavier,2016,17,14,5,0,9.0
Xavier,2017,13,3,0,0,0.0
Xavier,2018,19,13,7,0,3.0
Xavier,2020,5,0,0,0,0.0
Xavier,2021,1,0,0,0,0.0
Xavier,2022,10,0,0,0,0.0
Xavier,2023,12,1,0,0,15.0
Xavier,2025,1,0,0,0,0.0
