# One row per (school, season) conference title: regular-season champion, or the
# title-game winner where a league staged one. Co-champions each get a full row;
# shared=1 flags a season that had 2+ champions. Distinct seasons per program are
# what the rating counts.
#
# Parsed from the NCAA "Conference Standings & Champions" book (ALL-TIME CONFERENCE
# CHAMPIONS). The book's definition is stricter than a program's own claimed count,
# so totals here run a little lower than the marketing numbers. The `conference`
# label is best-effort (the source's 3-column layout makes it noisy) — the school
# and year are reliable. A few programs the parse could not reach still use the
# summary fallback in _staging_summary_fallback.csv.
school,year,conference,shared
Air Force,1985,"WAC",1
Air Force,1995,"WAC",1
Air Force,1998,"WAC",0
Akron,2005,"MAC",0
Alabama,1924,"Southern",0
Alabama,1925,"Southern",0
Alabama,1926,"Southern",0
Alabama,1930,"Southern",1
Alabama,1933,"SEC",0
Alabama,1934,"SEC",1
Alabama,1937,"SEC",0
Alabama,1945,"SEC",0
Alabama,1953,"SEC",0
Alabama,1961,"SEC",1
Alabama,1964,"SEC",1
Alabama,1971,"SEC",0
Alabama,1972,"SEC",0
Alabama,1973,"SEC",0
Alabama,1974,"SEC",0
Alabama,1975,"SEC",0
Alabama,1977,"SEC",0
Alabama,1978,"SEC",0
Alabama,1979,"SEC",0
Alabama,1981,"SEC",1
Alabama,1989,"SEC",1
Alabama,1992,"SEC",0
Alabama,1999,"SEC",0
Alabama,2009,"SEC",0
Alabama,2012,"SEC",0
Alabama,2014,"SEC",0
Alabama,2015,"SEC",0
Alabama,2016,"SEC",0
Alabama,2017,"SEC",0
Alabama,2018,"SEC",0
Alabama,2020,"SEC",0
Alabama,2021,"SEC",0
Alabama,2023,"SEC",0
Appalachian State,1986,"Southern",0
Appalachian State,1987,"Southern",0
Appalachian State,1991,"Southern",0
Appalachian State,1995,"Southern",0
Appalachian State,1999,"Southern",1
Appalachian State,2005,"Southern",0
Appalachian State,2006,"Southern",0
Appalachian State,2007,"Southern",0
Appalachian State,2008,"Southern",0
Appalachian State,2009,"Southern",0
Appalachian State,2010,"Southern",0
Appalachian State,2012,"Southern",1
Appalachian State,2016,"Sun Belt",1
Appalachian State,2017,"Sun Belt",1
Appalachian State,2018,"Sun Belt",0
Appalachian State,2019,"Sun Belt",0
Arizona,1935,"Big West",0
Arizona,1936,"Big West",0
Arizona,1941,"Big West",0
Arizona,1945,"Big West",0
Arizona,1964,"WAC",1
Arizona,1973,"WAC",1
Arizona,1993,"Pac-12 / Pacific Coast",1
Arizona State,1931,"Big West",0
Arizona State,1939,"Big West",0
Arizona State,1940,"Big West",0
Arizona State,1969,"WAC",1
Arizona State,1970,"WAC",1
Arizona State,1971,"WAC",1
Arizona State,1972,"WAC",1
Arizona State,1973,"WAC",1
Arizona State,1975,"WAC",0
Arizona State,1977,"WAC",1
Arizona State,1986,"Pac-12 / Pacific Coast",0
Arizona State,1996,"Pac-12 / Pacific Coast",0
Arizona State,2007,"Pac-12 / Pacific Coast",1
Arizona State,2024,"Big 12",0
Arkansas,1936,"Southwest",0
Arkansas,1954,"Southwest",0
Arkansas,1959,"Southwest",1
Arkansas,1960,"Southwest",0
Arkansas,1961,"Southwest",1
Arkansas,1964,"Southwest",0
Arkansas,1965,"Southwest",0
Arkansas,1968,"Southwest",1
Arkansas,1975,"Southwest",1
Arkansas,1979,"Southwest",1
Arkansas,1988,"Southwest",0
Arkansas,1989,"Southwest",0
Arkansas State,1968,"Southland",0
Arkansas State,1969,"Southland",0
Arkansas State,1970,"Southland",0
Arkansas State,1975,"Southland",0
Arkansas State,1985,"Southland",0
Arkansas State,1986,"Southland",0
Arkansas State,2005,"Sun Belt",1
Arkansas State,2011,"Sun Belt",0
Arkansas State,2012,"Sun Belt",0
Arkansas State,2013,"Sun Belt",1
Arkansas State,2015,"Sun Belt",0
Arkansas State,2016,"Sun Belt",1
Army,2024,"American",0
Auburn,1932,"Southern",1
Auburn,1957,"SEC",0
Auburn,1983,"SEC",0
Auburn,1987,"SEC",0
Auburn,1988,"SEC",1
Auburn,1989,"SEC",1
Auburn,2004,"SEC",0
Auburn,2010,"SEC",0
Auburn,2013,"SEC",0
Auburn,2025,"SEC",1
Ball State,1976,"MAC",0
Ball State,1978,"MAC",0
Ball State,1989,"MAC",0
Ball State,1993,"MAC",0
Ball State,1996,"MAC",0
Ball State,2020,"MAC",0
Baylor,1922,"Southwest",0
Baylor,1924,"Southwest",0
Baylor,1974,"Southwest",0
Baylor,1980,"Southwest",0
Baylor,1994,"Southwest",1
Baylor,2013,"Big 12",0
Baylor,2014,"Big 12",1
Baylor,2021,"Big 12",0
Boise State,1973,"ASUN",0
Boise State,1974,"ASUN",0
Boise State,1975,"ASUN",0
Boise State,1977,"ASUN",0
Boise State,1980,"ASUN",0
Boise State,1994,"ASUN",0
Boise State,1999,"Big West",1
Boise State,2002,"WAC",0
Boise State,2003,"WAC",1
Boise State,2004,"WAC",1
Boise State,2005,"WAC",0
Boise State,2006,"WAC",1
Boise State,2008,"WAC",0
Boise State,2009,"WAC",0
Boise State,2010,"WAC",1
Boise State,2012,"Mountain West",1
Boise State,2014,"Mountain West",0
Boise State,2017,"Mountain West",0
Boise State,2019,"Mountain West",0
Boise State,2023,"Mountain West",0
Boise State,2024,"Mountain West",0
Boise State,2025,"Mountain West",0
Boston College,2004,"Big East",1
Bowling Green,1956,"MAC",0
Bowling Green,1959,"MAC",0
Bowling Green,1961,"MAC",0
Bowling Green,1962,"MAC",0
Bowling Green,1964,"MAC",0
Bowling Green,1965,"MAC",1
Bowling Green,1982,"MAC",0
Bowling Green,1985,"MAC",0
Bowling Green,1991,"MAC",0
Bowling Green,1992,"MAC",0
Bowling Green,2013,"MAC",0
Bowling Green,2015,"MAC",0
Buffalo,2008,"MAC",0
BYU,1965,"WAC",0
BYU,1974,"WAC",1
BYU,1976,"WAC",1
BYU,1977,"WAC",1
BYU,1978,"WAC",1
BYU,1979,"WAC",1
BYU,1980,"WAC",0
BYU,1981,"WAC",1
BYU,1982,"WAC",1
BYU,1983,"WAC",1
BYU,1984,"WAC",0
BYU,1985,"WAC",1
BYU,1989,"WAC",1
BYU,1990,"WAC",1
BYU,1991,"WAC",1
BYU,1992,"WAC",1
BYU,1993,"WAC",1
BYU,1999,"Mountain West",1
BYU,2001,"Mountain West",0
BYU,2006,"Mountain West",0
BYU,2007,"Mountain West",0
California,1918,"Pac-12 / Pacific Coast",0
California,1920,"Pac-12 / Pacific Coast",0
California,1921,"Pac-12 / Pacific Coast",0
California,1922,"Pac-12 / Pacific Coast",0
California,1923,"Pac-12 / Pacific Coast",0
California,1935,"Pac-12 / Pacific Coast",1
California,1937,"Pac-12 / Pacific Coast",0
California,1938,"Pac-12 / Pacific Coast",1
California,1948,"Pac-12 / Pacific Coast",0
California,1949,"Pac-12 / Pacific Coast",0
California,1950,"Pac-12 / Pacific Coast",0
California,1958,"Pac-12 / Pacific Coast",0
California,1975,"Pac-12 / Pacific Coast",1
California,2006,"Pac-12 / Pacific Coast",1
Central Michigan,1979,"MAC",0
Central Michigan,1980,"MAC",0
Central Michigan,1990,"MAC",0
Central Michigan,1994,"MAC",0
Central Michigan,2006,"MAC",0
Central Michigan,2007,"MAC",0
Central Michigan,2009,"MAC",0
Cincinnati,1947,"MAC",0
Cincinnati,1949,"MAC",0
Cincinnati,1951,"MAC",0
Cincinnati,1952,"MAC",0
Cincinnati,1963,"Missouri Valley",0
Cincinnati,1964,"Missouri Valley",0
Cincinnati,2002,"Big West",1
Cincinnati,2008,"Big East",1
Cincinnati,2009,"Big East",0
Cincinnati,2011,"Big East",1
Cincinnati,2014,"American",1
Cincinnati,2020,"American",0
Cincinnati,2021,"American",0
Clemson,1939,"Southern",0
Clemson,1940,"Southern",0
Clemson,1948,"Southern",0
Clemson,1956,"ACC",0
Clemson,1958,"ACC",0
Clemson,1959,"ACC",0
Clemson,1965,"ACC",1
Clemson,1966,"ACC",0
Clemson,1967,"ACC",0
Clemson,1978,"ACC",0
Clemson,1981,"ACC",0
Clemson,1982,"ACC",0
Clemson,1986,"ACC",0
Clemson,1987,"ACC",0
Clemson,1988,"ACC",0
Clemson,1991,"ACC",0
Clemson,2011,"ACC",0
Clemson,2015,"ACC",0
Clemson,2016,"ACC",0
Clemson,2017,"ACC",0
Clemson,2018,"ACC",0
Clemson,2019,"ACC",0
Clemson,2020,"ACC",0
Clemson,2022,"ACC",0
Clemson,2024,"ACC",0
Coastal Carolina,2004,"ASUN",0
Coastal Carolina,2005,"ASUN",0
Coastal Carolina,2006,"ASUN",0
Coastal Carolina,2010,"ASUN",1
Coastal Carolina,2012,"ASUN",1
Coastal Carolina,2014,"ASUN",1
Coastal Carolina,2020,"Sun Belt",1
Colorado,1901,"Mountain States",0
Colorado,1902,"Mountain States",0
Colorado,1903,"Mountain States",0
Colorado,1910,"Mountain States",0
Colorado,1911,"Mountain States",0
Colorado,1913,"Mountain States",0
Colorado,1923,"Mountain States",0
Colorado,1924,"Mountain States",0
Colorado,1934,"Mountain States",1
Colorado,1935,"Mountain States",1
Colorado,1937,"Mountain States",0
Colorado,1939,"Mountain States",0
Colorado,1942,"Mountain States",1
Colorado,1943,"Mountain States",0
Colorado,1944,"Mountain States",0
Colorado,1961,"Big East",0
Colorado,1976,"Big East",1
Colorado,1989,"Big East",0
Colorado,1990,"Big East",0
Colorado,1991,"Big East",1
Colorado,2001,"Big 12",0
Colorado State,1915,"Mountain States",0
Colorado State,1916,"Mountain States",0
Colorado State,1919,"Mountain States",0
Colorado State,1920,"Mountain States",0
Colorado State,1925,"Mountain States",0
Colorado State,1927,"Mountain States",0
Colorado State,1933,"Mountain States",1
Colorado State,1934,"Mountain States",1
Colorado State,1955,"Mountain States",0
Colorado State,1994,"WAC",0
Colorado State,1995,"WAC",1
Colorado State,1997,"WAC",0
Colorado State,1999,"Mountain West",1
Colorado State,2000,"Mountain West",0
Colorado State,2002,"Mountain West",0
Delaware,1986,"WAC",1
Delaware,1988,"WAC",1
Delaware,1991,"WAC",1
Delaware,1992,"WAC",1
Delaware,1995,"WAC",1
Delaware,2000,"WAC",1
Delaware,2003,"WAC",1
Delaware,2004,"WAC",1
Delaware,2010,"ASUN",1
Delaware,2020,"ASUN",0
Duke,1933,"Southern",0
Duke,1935,"Southern",0
Duke,1936,"Southern",0
Duke,1938,"Southern",0
Duke,1941,"Southern",0
Duke,1943,"Southern",0
Duke,1944,"Southern",0
Duke,1945,"Southern",0
Duke,1952,"Southern",0
Duke,1953,"ACC",1
Duke,1954,"ACC",0
Duke,1955,"ACC",1
Duke,1960,"ACC",0
Duke,1961,"ACC",0
Duke,1962,"ACC",0
Duke,1989,"ACC",1
Duke,2025,"ACC",0
East Carolina,1966,"Southern",0
East Carolina,1972,"Southern",0
East Carolina,1973,"Southern",0
East Carolina,1976,"Southern",0
East Carolina,2008,"Big West",0
East Carolina,2009,"Big West",0
Eastern Michigan,1987,"MAC",0
FIU,2010,"Sun Belt",1
Florida,1991,"SEC",0
Florida,1994,"SEC",0
Florida,1995,"SEC",0
Florida,1996,"SEC",0
Florida,2000,"SEC",0
Florida,2006,"SEC",0
Florida,2008,"SEC",0
Florida Atlantic,2007,"Sun Belt",1
Florida Atlantic,2017,"Big West",0
Florida Atlantic,2019,"Big West",0
Florida State,1992,"ACC",0
Florida State,1993,"ACC",0
Florida State,1994,"ACC",0
Florida State,1995,"ACC",1
Florida State,1996,"ACC",0
Florida State,1997,"ACC",0
Florida State,1998,"ACC",1
Florida State,1999,"ACC",0
Florida State,2000,"ACC",0
Florida State,2002,"ACC",0
Florida State,2003,"ACC",0
Florida State,2005,"ACC",0
Florida State,2012,"ACC",0
Florida State,2013,"ACC",0
Florida State,2014,"ACC",0
Florida State,2023,"ACC",0
Fresno State,1977,"Big West",0
Fresno State,1982,"Big West",0
Fresno State,1985,"Big West",0
Fresno State,1988,"Big West",0
Fresno State,1989,"Big West",0
Fresno State,1991,"Big West",1
Fresno State,1992,"WAC",1
Fresno State,1993,"WAC",1
Fresno State,1999,"WAC",1
Fresno State,2012,"Mountain West",1
Fresno State,2013,"Mountain West",0
Fresno State,2018,"Mountain West",0
Fresno State,2022,"Mountain West",0
Georgia,1942,"SEC",0
Georgia,1946,"SEC",1
Georgia,1948,"SEC",0
Georgia,1952,"SEC",0
Georgia,1959,"SEC",0
Georgia,1964,"SEC",1
Georgia,1968,"SEC",0
Georgia,1976,"SEC",1
Georgia,1980,"SEC",0
Georgia,1981,"SEC",1
Georgia,1982,"SEC",0
Georgia,2002,"SEC",0
Georgia,2022,"SEC",0
Georgia,2024,"SEC",0
Georgia,2025,"SEC",1
Georgia Southern,1993,"Southern",0
Georgia Southern,1997,"Southern",0
Georgia Southern,1998,"Southern",0
Georgia Southern,1999,"Southern",1
Georgia Southern,2000,"Southern",0
Georgia Southern,2001,"Southern",0
Georgia Southern,2002,"Southern",0
Georgia Southern,2004,"Southern",0
Georgia Southern,2011,"Southern",0
Georgia Southern,2012,"Southern",1
Georgia Southern,2014,"Sun Belt",0
Georgia Tech,1922,"Southern",0
Georgia Tech,1927,"Southern",0
Georgia Tech,1928,"Southern",0
Georgia Tech,1939,"SEC",1
Georgia Tech,1943,"SEC",0
Georgia Tech,1944,"SEC",0
Georgia Tech,1951,"SEC",1
Georgia Tech,1990,"ACC",0
Georgia Tech,1998,"ACC",1
Georgia Tech,2009,"ACC",0
Hawaii,1992,"WAC",1
Hawaii,2007,"WAC",0
Hawaii,2010,"WAC",1
Houston,1952,"Missouri Valley",0
Houston,1956,"Missouri Valley",0
Houston,1957,"Missouri Valley",0
Houston,1959,"Missouri Valley",1
Houston,1976,"Southwest",1
Houston,1978,"Southwest",0
Houston,1979,"Southwest",1
Houston,1984,"Southwest",1
Houston,1996,"Big West",1
Houston,2006,"Big West",0
Houston,2011,"Big East",1
Houston,2015,"American",0
Illinois,1910,"Big Ten",1
Illinois,1914,"Big Ten",0
Illinois,1915,"Big Ten",1
Illinois,1918,"Big Ten",1
Illinois,1919,"Big Ten",0
Illinois,1923,"Big Ten",1
Illinois,1927,"Big Ten",1
Illinois,1928,"Big Ten",0
Illinois,1946,"Big Ten",0
Illinois,1951,"Big Ten",0
Illinois,1953,"Big Ten",1
Illinois,1963,"Big Ten",0
Illinois,1983,"Big Ten",0
Illinois,1990,"Big Ten",1
Illinois,2001,"Big Ten",0
Indiana,1945,"Big Ten",0
Indiana,1967,"Big Ten",1
Indiana,2025,"Big Ten",0
Iowa,1900,"Big Ten",1
Iowa,1907,"Big East",1
Iowa,1921,"Big Ten",0
Iowa,1922,"Big Ten",1
Iowa,1956,"Big Ten",0
Iowa,1958,"Big Ten",0
Iowa,1960,"Big Ten",1
Iowa,1981,"Big Ten",1
Iowa,1985,"Big Ten",0
Iowa,1990,"Big Ten",1
Iowa,2002,"Big Ten",1
Iowa,2004,"Big Ten",1
Iowa State,1911,"Big East",0
Iowa State,1912,"Big East",0
Jacksonville State,2003,"MVFC",0
Jacksonville State,2004,"MVFC",0
Jacksonville State,2011,"MVFC",0
Jacksonville State,2014,"MVFC",0
Jacksonville State,2015,"MVFC",0
Jacksonville State,2016,"MVFC",0
Jacksonville State,2017,"MVFC",0
Jacksonville State,2018,"MVFC",0
Jacksonville State,2020,"MVFC",0
Jacksonville State,2024,"Big West",0
James Madison,1999,"WAC",1
James Madison,2004,"WAC",1
James Madison,2015,"ASUN",0
James Madison,2016,"ASUN",1
James Madison,2017,"ASUN",1
James Madison,2019,"ASUN",0
James Madison,2021,"ASUN",1
James Madison,2025,"Sun Belt",0
Kansas,1908,"Big East",0
Kansas,1930,"Big East",0
Kansas,1946,"Big East",1
Kansas,1947,"Big East",1
Kansas,1968,"Big East",1
Kansas State,1934,"Big East",0
Kansas State,2003,"Big 12",0
Kansas State,2012,"Big 12",1
Kansas State,2022,"Big 12",0
Kennesaw State,2017,"ASUN",1
Kennesaw State,2018,"ASUN",0
Kennesaw State,2021,"ASUN",1
Kennesaw State,2025,"Big West",0
Kent State,1972,"MAC",0
Kentucky,1950,"SEC",0
Kentucky,1976,"SEC",1
Liberty,2007,"ASUN",0
Liberty,2008,"ASUN",0
Liberty,2009,"ASUN",0
Liberty,2010,"ASUN",1
Liberty,2012,"ASUN",1
Liberty,2014,"ASUN",1
Liberty,2016,"ASUN",1
Liberty,2023,"Big West",0
Louisiana,1976,"Southland",0
Louisiana,1993,"Big West",1
Louisiana,1994,"Big West",1
Louisiana,2005,"Sun Belt",1
Louisiana,2013,"Sun Belt",1
Louisiana,2020,"Sun Belt",1
Louisiana,2021,"Sun Belt",0
Louisiana Tech,1971,"Southland",0
Louisiana Tech,1972,"Southland",0
Louisiana Tech,1973,"Southland",0
Louisiana Tech,1974,"Southland",0
Louisiana Tech,1977,"Southland",0
Louisiana Tech,1978,"Southland",0
Louisiana Tech,1982,"Southland",0
Louisiana Tech,1984,"Southland",0
Louisiana Tech,2001,"WAC",0
Louisiana Tech,2011,"WAC",0
Louisville,1970,"Missouri Valley",0
Louisville,1972,"Missouri Valley",0
Louisville,2000,"Big West",0
Louisville,2001,"Big West",0
Louisville,2004,"Big West",0
Louisville,2006,"Big East",0
Louisville,2012,"Big East",1
LSU,1935,"SEC",0
LSU,1936,"SEC",0
LSU,1958,"SEC",0
LSU,1961,"SEC",1
LSU,1970,"SEC",0
LSU,1986,"SEC",0
LSU,1988,"SEC",1
LSU,2001,"SEC",0
LSU,2003,"SEC",0
LSU,2007,"SEC",0
LSU,2011,"SEC",0
LSU,2019,"SEC",0
Marshall,1988,"Southern",0
Marshall,1994,"Southern",0
Marshall,1996,"Southern",0
Marshall,1997,"MAC",0
Marshall,1998,"MAC",0
Marshall,1999,"MAC",0
Marshall,2000,"MAC",0
Marshall,2002,"MAC",0
Marshall,2014,"Big West",0
Marshall,2024,"Sun Belt",0
Maryland,1937,"Southern",0
Maryland,1951,"Southern",0
Maryland,1953,"ACC",1
Maryland,1955,"ACC",1
Maryland,1974,"ACC",0
Maryland,1975,"ACC",0
Maryland,1976,"ACC",0
Maryland,1983,"ACC",0
Maryland,1984,"ACC",0
Maryland,1985,"ACC",0
Maryland,2001,"ACC",0
Memphis,1968,"Missouri Valley",0
Memphis,1969,"Missouri Valley",0
Memphis,1971,"Missouri Valley",0
Memphis,2014,"American",1
Memphis,2019,"American",0
Miami (FL),1991,"Big East",1
Miami (FL),1992,"Big East",1
Miami (FL),1994,"Big East",1
Miami (FL),1995,"Big East",1
Miami (FL),1996,"Big East",1
Miami (FL),2000,"Big East",0
Miami (FL),2001,"Big East",0
Miami (FL),2002,"Big East",0
Miami (FL),2003,"Big East",1
Miami (FL),2023,"MAC",0
Miami (OH),1948,"MAC",0
Miami (OH),1950,"MAC",0
Miami (OH),1954,"MAC",0
Miami (OH),1955,"MAC",0
Miami (OH),1957,"MAC",0
Miami (OH),1958,"MAC",0
Miami (OH),1965,"MAC",1
Miami (OH),1966,"MAC",1
Miami (OH),1973,"MAC",0
Miami (OH),1974,"MAC",0
Miami (OH),1975,"MAC",0
Miami (OH),1977,"MAC",0
Miami (OH),1986,"MAC",0
Miami (OH),2003,"MAC",0
Miami (OH),2010,"MAC",0
Miami (OH),2019,"MAC",0
Michigan,1898,"Big Ten",0
Michigan,1901,"Big Ten",1
Michigan,1902,"Big Ten",0
Michigan,1903,"Big Ten",1
Michigan,1904,"Big Ten",1
Michigan,1906,"Big Ten",1
Michigan,1918,"Big Ten",1
Michigan,1922,"Big Ten",1
Michigan,1923,"Big Ten",1
Michigan,1925,"Big Ten",0
Michigan,1926,"Big Ten",1
Michigan,1930,"Big Ten",1
Michigan,1931,"Big Ten",1
Michigan,1932,"Big Ten",0
Michigan,1933,"Big Ten",1
Michigan,1943,"Big Ten",1
Michigan,1947,"Big Ten",0
Michigan,1948,"Big Ten",0
Michigan,1949,"Big Ten",1
Michigan,1950,"Big Ten",0
Michigan,1964,"Big Ten",0
Michigan,1969,"Big Ten",1
Michigan,1971,"Big Ten",0
Michigan,1972,"Big Ten",1
Michigan,1973,"Big Ten",1
Michigan,1974,"Big Ten",1
Michigan,1976,"Big Ten",1
Michigan,1977,"Big Ten",1
Michigan,1978,"Big Ten",1
Michigan,1980,"Big Ten",0
Michigan,1982,"Big Ten",0
Michigan,1986,"Big Ten",1
Michigan,1988,"Big Ten",0
Michigan,1989,"Big Ten",0
Michigan,1990,"Big Ten",1
Michigan,1991,"Big Ten",0
Michigan,1992,"Big Ten",0
Michigan,1997,"Big Ten",0
Michigan,1998,"Big Ten",1
Michigan,2000,"Big Ten",1
Michigan,2003,"Big Ten",0
Michigan,2004,"Big Ten",1
Michigan,2021,"Big Ten",0
Michigan,2022,"Big Ten",0
Michigan,2023,"Big Ten",0
Michigan State,1953,"Big Ten",1
Michigan State,1965,"Big Ten",0
Michigan State,1966,"Big Ten",0
Michigan State,1978,"Big Ten",1
Michigan State,1987,"Big Ten",0
Michigan State,1990,"Big Ten",1
Michigan State,2010,"Big Ten",1
Michigan State,2013,"Big Ten",0
Michigan State,2015,"Big Ten",0
Middle Tennessee,1956,"MVFC",0
Middle Tennessee,1957,"MVFC",0
Middle Tennessee,1958,"MVFC",0
Middle Tennessee,1959,"MVFC",0
Middle Tennessee,1964,"MVFC",0
Middle Tennessee,1965,"MVFC",0
Middle Tennessee,1985,"MVFC",0
Middle Tennessee,1989,"MVFC",1
Middle Tennessee,1990,"MVFC",0
Middle Tennessee,1992,"MVFC",0
Middle Tennessee,2001,"Sun Belt",1
Middle Tennessee,2006,"Sun Belt",1
Minnesota,1900,"Big Ten",1
Minnesota,1903,"Big Ten",1
Minnesota,1904,"Big Ten",1
Minnesota,1906,"Big Ten",1
Minnesota,1909,"Big Ten",0
Minnesota,1910,"Big Ten",1
Minnesota,1911,"Big Ten",0
Minnesota,1915,"Big Ten",1
Minnesota,1927,"Big Ten",1
Minnesota,1933,"Big Ten",1
Minnesota,1934,"Big Ten",0
Minnesota,1935,"Big Ten",1
Minnesota,1937,"Big Ten",0
Minnesota,1938,"Big Ten",0
Minnesota,1940,"Big Ten",0
Minnesota,1941,"Big Ten",0
Minnesota,1960,"Big Ten",1
Minnesota,1967,"Big Ten",1
Mississippi State,1941,"SEC",0
Missouri,1909,"Big East",0
Missouri,1913,"Big East",0
Missouri,1919,"Big East",0
Missouri,1924,"Big East",0
Missouri,1925,"Big East",0
Missouri,1927,"Big East",0
Missouri,1939,"Big East",0
Missouri,1941,"Big East",0
Missouri,1942,"Big East",0
Missouri,1945,"Big East",0
Missouri,1960,"Big East",0
Missouri,1969,"Big East",1
Missouri State,1989,"MVFC",1
Nebraska,1907,"Big East",1
Nebraska,1910,"Big East",0
Nebraska,1914,"Big East",0
Nebraska,1915,"Big East",0
Nebraska,1916,"Big East",0
Nebraska,1917,"Big East",0
Nebraska,1921,"Big East",0
Nebraska,1922,"Big East",0
Nebraska,1923,"Big East",0
Nebraska,1928,"Big East",0
Nebraska,1929,"Big East",0
Nebraska,1931,"Big East",0
Nebraska,1932,"Big East",0
Nebraska,1933,"Big East",0
Nebraska,1935,"Big East",0
Nebraska,1936,"Big East",0
Nebraska,1937,"Big East",0
Nebraska,1940,"Big East",0
Nebraska,1963,"Big East",0
Nebraska,1964,"Big East",0
Nebraska,1965,"Big East",0
Nebraska,1966,"Big East",0
Nebraska,1969,"Big East",1
Nebraska,1970,"Big East",0
Nebraska,1971,"Big East",0
Nebraska,1972,"Big East",0
Nebraska,1975,"Big East",1
Nebraska,1978,"Big East",1
Nebraska,1981,"Big East",0
Nebraska,1982,"Big East",0
Nebraska,1983,"Big East",0
Nebraska,1984,"Big East",1
Nebraska,1988,"Big East",0
Nebraska,1991,"Big East",1
Nebraska,1992,"Big East",1
Nebraska,1993,"Big East",1
Nebraska,1994,"Big East",1
Nebraska,1995,"Big East",1
Nebraska,1997,"Big 12",0
Nebraska,1999,"Big 12",0
Nevada,1983,"ASUN",0
Nevada,1986,"ASUN",0
Nevada,1990,"ASUN",0
Nevada,1991,"ASUN",0
Nevada,1992,"Big West",0
Nevada,1994,"Big West",1
Nevada,1995,"Big West",0
Nevada,1996,"Big West",1
Nevada,1997,"Big West",1
Nevada,2010,"WAC",1
New Mexico,1962,"WAC",0
New Mexico,1963,"WAC",1
New Mexico,1964,"WAC",1
New Mexico State,1938,"Big West",0
New Mexico State,1976,"Missouri Valley",1
New Mexico State,1978,"Missouri Valley",0
North Carolina,1946,"Southern",0
North Carolina,1949,"Southern",0
North Carolina,1963,"ACC",1
North Carolina,1971,"ACC",0
North Carolina,1972,"ACC",0
North Carolina,1977,"ACC",0
North Carolina,1980,"ACC",0
North Carolina State,1957,"ACC",0
North Carolina State,1963,"ACC",1
North Carolina State,1964,"ACC",0
North Carolina State,1965,"ACC",1
North Carolina State,1968,"ACC",0
North Carolina State,1973,"ACC",0
North Carolina State,1979,"ACC",0
North Texas,1958,"Missouri Valley",0
North Texas,1959,"Missouri Valley",1
North Texas,1966,"Missouri Valley",0
North Texas,1967,"Missouri Valley",0
North Texas,1973,"Missouri Valley",0
North Texas,1983,"Southland",0
North Texas,1994,"Southland",0
North Texas,2001,"Sun Belt",1
North Texas,2002,"Sun Belt",0
North Texas,2003,"Sun Belt",0
North Texas,2004,"Sun Belt",0
Northern Illinois,1983,"MAC",0
Northern Illinois,2011,"MAC",0
Northern Illinois,2012,"MAC",0
Northern Illinois,2014,"MAC",0
Northern Illinois,2018,"MAC",0
Northern Illinois,2021,"MAC",0
Northwestern,1903,"Big Ten",1
Northwestern,1926,"Big Ten",1
Northwestern,1930,"Big Ten",1
Northwestern,1931,"Big Ten",1
Northwestern,1936,"Big Ten",0
Northwestern,1995,"Big Ten",0
Northwestern,1996,"Big Ten",1
Northwestern,2000,"Big Ten",1
Ohio,1953,"MAC",0
Ohio,1960,"MAC",0
Ohio,1963,"MAC",0
Ohio,1967,"MAC",1
Ohio,1968,"MAC",0
Ohio,2024,"MAC",0
Ohio State,1916,"Big Ten",0
Ohio State,1917,"Big Ten",0
Ohio State,1920,"Big Ten",0
Ohio State,1935,"Big Ten",1
Ohio State,1939,"Big Ten",0
Ohio State,1942,"Big Ten",0
Ohio State,1944,"Big Ten",0
Ohio State,1949,"Big Ten",1
Ohio State,1954,"Big Ten",0
Ohio State,1955,"Big Ten",0
Ohio State,1957,"Big Ten",0
Ohio State,1961,"Big Ten",0
Ohio State,1968,"Big Ten",0
Ohio State,1969,"Big Ten",1
Ohio State,1970,"Big Ten",0
Ohio State,1972,"Big Ten",1
Ohio State,1973,"Big Ten",1
Ohio State,1974,"Big Ten",1
Ohio State,1975,"Big Ten",0
Ohio State,1976,"Big Ten",1
Ohio State,1977,"Big Ten",1
Ohio State,1979,"Big Ten",0
Ohio State,1981,"Big Ten",1
Ohio State,1984,"Big Ten",0
Ohio State,1986,"Big Ten",1
Ohio State,1993,"Big Ten",1
Ohio State,1996,"Big Ten",1
Ohio State,1998,"Big Ten",1
Ohio State,2002,"Big Ten",1
Ohio State,2005,"Big Ten",1
Ohio State,2006,"Big Ten",0
Ohio State,2007,"Big Ten",0
Ohio State,2008,"Big Ten",1
Ohio State,2009,"Big Ten",0
Ohio State,2014,"Big Ten",0
Ohio State,2017,"Big Ten",0
Ohio State,2018,"Big Ten",0
Ohio State,2019,"Big Ten",0
Ohio State,2020,"Big Ten",0
Oklahoma,1915,"Southwest",0
Oklahoma,1920,"Big East",0
Oklahoma,1938,"Big East",0
Oklahoma,1943,"Big East",0
Oklahoma,1944,"Big East",0
Oklahoma,1946,"Big East",1
Oklahoma,1947,"Big East",1
Oklahoma,1948,"Big East",0
Oklahoma,1949,"Big East",0
Oklahoma,1950,"Big East",0
Oklahoma,1951,"Big East",0
Oklahoma,1952,"Big East",0
Oklahoma,1953,"Big East",0
Oklahoma,1954,"Big East",0
Oklahoma,1955,"Big East",0
Oklahoma,1956,"Big East",0
Oklahoma,1957,"Big East",0
Oklahoma,1958,"Big East",0
Oklahoma,1959,"Big East",0
Oklahoma,1962,"Big East",0
Oklahoma,1967,"Big East",0
Oklahoma,1968,"Big East",1
Oklahoma,1973,"Big East",0
Oklahoma,1974,"Big East",0
Oklahoma,1975,"Big East",1
Oklahoma,1976,"Big East",1
Oklahoma,1977,"Big East",0
Oklahoma,1978,"Big East",1
Oklahoma,1979,"Big East",0
Oklahoma,1980,"Big East",0
Oklahoma,1984,"Big East",1
Oklahoma,1985,"Big East",0
Oklahoma,1986,"Big East",0
Oklahoma,1987,"Big East",0
Oklahoma,2000,"Big 12",0
Oklahoma,2002,"Big 12",0
Oklahoma,2004,"Big 12",0
Oklahoma,2006,"Big 12",0
Oklahoma,2007,"Big 12",0
Oklahoma,2008,"Big 12",0
Oklahoma,2010,"Big 12",0
Oklahoma,2012,"Big 12",1
Oklahoma,2016,"Big 12",0
Oklahoma,2017,"Big 12",0
Oklahoma,2018,"Big 12",0
Oklahoma,2019,"Big 12",0
Oklahoma,2020,"Big 12",0
Oklahoma State,1926,"Big East",0
Oklahoma State,1930,"Missouri Valley",0
Oklahoma State,1932,"Missouri Valley",0
Oklahoma State,1933,"Missouri Valley",0
Oklahoma State,1944,"Missouri Valley",0
Oklahoma State,1945,"Missouri Valley",0
Oklahoma State,1948,"Missouri Valley",0
Oklahoma State,1953,"Missouri Valley",0
Oklahoma State,1976,"Big East",1
Oklahoma State,2011,"Big 12",0
Oklahoma State,2015,"Big 12",0
Old Dominion,2012,"ASUN",1
Ole Miss,1947,"SEC",0
Ole Miss,1954,"SEC",0
Ole Miss,1955,"SEC",0
Ole Miss,1960,"SEC",0
Ole Miss,1962,"SEC",0
Ole Miss,1963,"SEC",0
Oregon,1919,"Pac-12 / Pacific Coast",0
Oregon,1933,"Pac-12 / Pacific Coast",1
Oregon,1957,"Pac-12 / Pacific Coast",1
Oregon,1994,"Pac-12 / Pacific Coast",0
Oregon,2000,"Pac-12 / Pacific Coast",1
Oregon,2001,"Pac-12 / Pacific Coast",0
Oregon,2009,"Pac-12 / Pacific Coast",0
Oregon,2010,"Pac-12 / Pacific Coast",0
Oregon,2011,"Pac-12 / Pacific Coast",0
Oregon,2014,"Pac-12 / Pacific Coast",0
Oregon,2019,"Pac-12 / Pacific Coast",0
Oregon,2020,"Pac-12 / Pacific Coast",0
Oregon,2024,"Big Ten",0
Oregon State,1941,"Pac-12 / Pacific Coast",0
Oregon State,1956,"Pac-12 / Pacific Coast",0
Oregon State,1957,"Pac-12 / Pacific Coast",1
Oregon State,1964,"Pac-12 / Pacific Coast",0
Oregon State,2000,"Pac-12 / Pacific Coast",1
Penn State,1994,"Big Ten",0
Penn State,2005,"Big Ten",1
Penn State,2008,"Big Ten",1
Penn State,2016,"Big Ten",0
Pittsburgh,2004,"Big East",1
Pittsburgh,2021,"ACC",0
Purdue,1918,"Big Ten",1
Purdue,1929,"Big Ten",0
Purdue,1931,"Big Ten",1
Purdue,1943,"Big Ten",1
Purdue,1952,"Big Ten",1
Purdue,1967,"Big Ten",1
Purdue,2000,"Big Ten",1
Rice,1934,"Southwest",0
Rice,1937,"Southwest",0
Rice,1946,"Southwest",0
Rice,1949,"Southwest",0
Rice,1953,"Southwest",0
Rice,1957,"Southwest",0
Rice,1994,"Southwest",1
Rice,2013,"Big West",0
Rutgers,2012,"Big East",1
Sam Houston,2001,"Southland",0
Sam Houston,2004,"Southland",0
Sam Houston,2011,"Southland",0
Sam Houston,2012,"Southland",0
Sam Houston,2014,"Southland",0
Sam Houston,2016,"Southland",0
Sam Houston,2020,"Southland",0
Sam Houston,2021,"ASUN",1
San Diego State,1969,"Big West",0
San Diego State,1970,"Big West",0
San Diego State,1972,"Big West",0
San Diego State,1973,"Big West",0
San Diego State,1974,"Big West",0
San Diego State,1986,"WAC",1
San Diego State,2012,"Mountain West",1
San Diego State,2015,"Mountain West",0
San Diego State,2016,"Mountain West",0
San Jose State,1975,"Big West",0
San Jose State,1976,"Big West",0
San Jose State,1978,"Big West",1
San Jose State,1981,"Big West",0
San Jose State,1986,"Big West",0
San Jose State,1987,"Big West",0
San Jose State,1990,"Big West",0
San Jose State,1991,"Big West",1
San Jose State,2020,"Mountain West",0
SMU,1923,"Southwest",0
SMU,1926,"Southwest",0
SMU,1935,"Southwest",0
SMU,1947,"Southwest",0
SMU,1948,"Southwest",0
SMU,1966,"Southwest",0
SMU,1981,"Southwest",0
SMU,1982,"Southwest",0
SMU,1984,"Southwest",1
SMU,2023,"American",0
South Carolina,1969,"ACC",0
Southern Miss,1996,"Big West",1
Southern Miss,1997,"Big West",1
Southern Miss,1999,"Big West",1
Southern Miss,2003,"Big West",0
Southern Miss,2011,"Big West",0
Stanford,1924,"Pac-12 / Pacific Coast",0
Stanford,1926,"Pac-12 / Pacific Coast",0
Stanford,1927,"Pac-12 / Pacific Coast",1
Stanford,1933,"Pac-12 / Pacific Coast",1
Stanford,1934,"Pac-12 / Pacific Coast",0
Stanford,1935,"Pac-12 / Pacific Coast",1
Stanford,1940,"Pac-12 / Pacific Coast",0
Stanford,1970,"Pac-12 / Pacific Coast",0
Stanford,1971,"Pac-12 / Pacific Coast",0
Stanford,1992,"Pac-12 / Pacific Coast",1
Stanford,1999,"Pac-12 / Pacific Coast",0
Stanford,2012,"Pac-12 / Pacific Coast",0
Stanford,2013,"Pac-12 / Pacific Coast",0
Stanford,2015,"Pac-12 / Pacific Coast",0
Syracuse,1991,"Big East",1
Syracuse,1996,"Big East",1
Syracuse,1997,"Big East",0
Syracuse,1998,"Big East",0
Syracuse,2004,"Big East",1
TCU,1929,"Southwest",0
TCU,1932,"Southwest",0
TCU,1938,"Southwest",0
TCU,1944,"Southwest",0
TCU,1951,"Southwest",0
TCU,1955,"Southwest",0
TCU,1958,"Southwest",0
TCU,1994,"Southwest",1
TCU,1999,"WAC",1
TCU,2000,"WAC",1
TCU,2002,"Big West",1
TCU,2005,"Mountain West",0
TCU,2009,"Mountain West",0
TCU,2010,"Mountain West",0
TCU,2011,"Mountain West",0
TCU,2014,"Big 12",1
Temple,2016,"American",0
Tennessee,1932,"Southern",1
Tennessee,1938,"SEC",0
Tennessee,1939,"SEC",1
Tennessee,1940,"SEC",0
Tennessee,1946,"SEC",1
Tennessee,1951,"SEC",1
Tennessee,1956,"SEC",0
Tennessee,1967,"SEC",0
Tennessee,1969,"SEC",0
Tennessee,1989,"SEC",1
Tennessee,1997,"SEC",0
Tennessee,1998,"SEC",0
Texas,1920,"Southwest",0
Texas,1928,"Southwest",0
Texas,1930,"Southwest",0
Texas,1942,"Southwest",0
Texas,1943,"Southwest",0
Texas,1945,"Southwest",0
Texas,1950,"Southwest",0
Texas,1952,"Southwest",0
Texas,1959,"Southwest",1
Texas,1961,"Southwest",1
Texas,1962,"Southwest",0
Texas,1963,"Southwest",0
Texas,1968,"Southwest",1
Texas,1969,"Southwest",0
Texas,1970,"Southwest",0
Texas,1971,"Southwest",0
Texas,1972,"Southwest",0
Texas,1973,"Southwest",0
Texas,1975,"Southwest",1
Texas,1977,"Southwest",0
Texas,1983,"Southwest",0
Texas,1990,"Southwest",0
Texas,1994,"Southwest",1
Texas,1995,"Southwest",0
Texas,1996,"Big 12",0
Texas,2005,"Big 12",0
Texas,2008,"Big East",1
Texas,2009,"Big 12",0
Texas,2023,"Big 12",0
Texas A&M,1917,"Southwest",0
Texas A&M,1919,"Southwest",0
Texas A&M,1921,"Southwest",0
Texas A&M,1925,"Southwest",0
Texas A&M,1927,"Southwest",0
Texas A&M,1939,"Southwest",0
Texas A&M,1940,"Southwest",0
Texas A&M,1941,"Southwest",0
Texas A&M,1956,"Southwest",0
Texas A&M,1967,"Southwest",0
Texas A&M,1975,"Southwest",1
Texas A&M,1985,"Southwest",0
Texas A&M,1986,"Southwest",0
Texas A&M,1987,"Southwest",0
Texas A&M,1991,"Southwest",0
Texas A&M,1992,"Southwest",0
Texas A&M,1993,"Southwest",0
Texas A&M,1998,"Big 12",0
Texas State,2005,"Southland",0
Texas Tech,1932,"Big West",0
Texas Tech,1933,"Big West",0
Texas Tech,1934,"Big West",0
Texas Tech,1937,"Big West",0
Texas Tech,1944,"Big West",0
Texas Tech,1947,"Big West",0
Texas Tech,1976,"Southwest",1
Texas Tech,1994,"Southwest",1
Texas Tech,2025,"Big 12",0
Toledo,1967,"MAC",1
Toledo,1969,"MAC",0
Toledo,1970,"MAC",0
Toledo,1971,"MAC",0
Toledo,1981,"MAC",0
Toledo,1984,"MAC",0
Toledo,1995,"MAC",0
Toledo,2001,"MAC",0
Toledo,2004,"MAC",0
Toledo,2017,"MAC",0
Troy,1996,"Southland",0
Troy,1999,"Southland",0
Troy,2000,"Southland",0
Troy,2006,"Sun Belt",1
Troy,2007,"Sun Belt",1
Troy,2008,"Sun Belt",0
Troy,2009,"Sun Belt",0
Troy,2010,"Sun Belt",1
Troy,2017,"Sun Belt",1
Troy,2022,"Sun Belt",0
Troy,2023,"Sun Belt",0
Tulane,1929,"Southern",0
Tulane,1930,"Southern",1
Tulane,1931,"Southern",0
Tulane,1934,"SEC",1
Tulane,1939,"SEC",1
Tulane,1949,"SEC",0
Tulane,1998,"Big West",0
Tulane,2022,"American",0
Tulane,2025,"American",0
Tulsa,1935,"Missouri Valley",0
Tulsa,1936,"Missouri Valley",0
Tulsa,1937,"Missouri Valley",0
Tulsa,1938,"Missouri Valley",0
Tulsa,1940,"Missouri Valley",0
Tulsa,1941,"Missouri Valley",0
Tulsa,1942,"Missouri Valley",0
Tulsa,1943,"Missouri Valley",0
Tulsa,1950,"Missouri Valley",0
Tulsa,1951,"Missouri Valley",0
Tulsa,1962,"Missouri Valley",0
Tulsa,1965,"Missouri Valley",0
Tulsa,1974,"Missouri Valley",0
Tulsa,1975,"Missouri Valley",0
Tulsa,1976,"Missouri Valley",1
Tulsa,1980,"Missouri Valley",0
Tulsa,1981,"Missouri Valley",0
Tulsa,1982,"Missouri Valley",0
Tulsa,1983,"Missouri Valley",0
Tulsa,1984,"Missouri Valley",0
Tulsa,1985,"Missouri Valley",0
Tulsa,2005,"Big West",0
Tulsa,2012,"Big West",0
UAB,2018,"Big West",0
UAB,2020,"Big West",0
UCF,2007,"Big West",0
UCF,2010,"Big West",0
UCF,2013,"American",0
UCF,2014,"American",1
UCF,2017,"American",0
UCF,2018,"American",0
UCLA,1935,"Pac-12 / Pacific Coast",1
UCLA,1939,"Pac-12 / Pacific Coast",1
UCLA,1942,"Pac-12 / Pacific Coast",0
UCLA,1946,"Pac-12 / Pacific Coast",0
UCLA,1953,"Pac-12 / Pacific Coast",0
UCLA,1954,"Pac-12 / Pacific Coast",0
UCLA,1955,"Pac-12 / Pacific Coast",0
UCLA,1961,"Pac-12 / Pacific Coast",0
UCLA,1965,"Pac-12 / Pacific Coast",0
UCLA,1975,"Pac-12 / Pacific Coast",1
UCLA,1982,"Pac-12 / Pacific Coast",0
UCLA,1983,"Pac-12 / Pacific Coast",0
UCLA,1985,"Pac-12 / Pacific Coast",0
UCLA,1987,"Pac-12 / Pacific Coast",1
UCLA,1993,"Pac-12 / Pacific Coast",1
UCLA,1997,"Pac-12 / Pacific Coast",1
UCLA,1998,"Pac-12 / Pacific Coast",0
UConn,1949,"WAC",0
UConn,1952,"WAC",0
UConn,1956,"WAC",0
UConn,1957,"WAC",0
UConn,1958,"WAC",0
UConn,1959,"WAC",0
UConn,1960,"WAC",1
UConn,1968,"WAC",1
UConn,1970,"WAC",1
UConn,1971,"WAC",1
UConn,1973,"WAC",1
UConn,1982,"WAC",1
UConn,1983,"WAC",1
UConn,1986,"WAC",1
UConn,1989,"WAC",1
UConn,2007,"Big East",1
UMass,1960,"WAC",1
UMass,1963,"WAC",1
UMass,1964,"WAC",1
UMass,1965,"ASUN",0
UMass,1966,"WAC",1
UMass,1967,"WAC",1
UMass,1969,"WAC",1
UMass,1971,"WAC",1
UMass,1972,"WAC",1
UMass,1974,"WAC",1
UMass,1977,"WAC",1
UMass,1978,"WAC",1
UMass,1979,"WAC",1
UMass,1981,"WAC",1
UMass,1986,"WAC",1
UMass,1988,"WAC",1
UMass,1990,"WAC",1
UMass,1999,"WAC",1
UMass,2003,"WAC",1
UMass,2006,"WAC",1
UNLV,1994,"Big West",1
USC,1927,"Pac-12 / Pacific Coast",1
USC,1928,"Pac-12 / Pacific Coast",0
USC,1929,"Pac-12 / Pacific Coast",0
USC,1931,"Pac-12 / Pacific Coast",0
USC,1932,"Pac-12 / Pacific Coast",0
USC,1938,"Pac-12 / Pacific Coast",1
USC,1939,"Pac-12 / Pacific Coast",1
USC,1943,"Pac-12 / Pacific Coast",0
USC,1944,"Pac-12 / Pacific Coast",0
USC,1945,"Pac-12 / Pacific Coast",0
USC,1947,"Pac-12 / Pacific Coast",0
USC,1952,"Pac-12 / Pacific Coast",0
USC,1962,"Pac-12 / Pacific Coast",0
USC,1966,"Pac-12 / Pacific Coast",0
USC,1967,"Pac-12 / Pacific Coast",0
USC,1968,"Pac-12 / Pacific Coast",0
USC,1969,"Pac-12 / Pacific Coast",0
USC,1972,"Pac-12 / Pacific Coast",0
USC,1973,"Pac-12 / Pacific Coast",0
USC,1974,"Pac-12 / Pacific Coast",0
USC,1976,"Pac-12 / Pacific Coast",0
USC,1978,"Pac-12 / Pacific Coast",0
USC,1979,"Pac-12 / Pacific Coast",0
USC,1984,"Pac-12 / Pacific Coast",0
USC,1987,"Pac-12 / Pacific Coast",1
USC,1988,"Pac-12 / Pacific Coast",0
USC,1989,"Pac-12 / Pacific Coast",0
USC,1993,"Pac-12 / Pacific Coast",1
USC,1995,"Pac-12 / Pacific Coast",1
USC,2002,"Pac-12 / Pacific Coast",1
USC,2003,"Pac-12 / Pacific Coast",0
USC,2004,"Pac-12 / Pacific Coast",0
USC,2005,"Pac-12 / Pacific Coast",0
USC,2006,"Pac-12 / Pacific Coast",1
USC,2007,"Pac-12 / Pacific Coast",1
USC,2008,"Pac-12 / Pacific Coast",0
USC,2017,"Pac-12 / Pacific Coast",0
Utah,1922,"Mountain States",0
Utah,1926,"Mountain States",0
Utah,1928,"Mountain States",0
Utah,1929,"Mountain States",0
Utah,1930,"Mountain States",0
Utah,1931,"Mountain States",0
Utah,1932,"Mountain States",0
Utah,1933,"Mountain States",1
Utah,1938,"Mountain States",0
Utah,1940,"Mountain States",0
Utah,1941,"Mountain States",0
Utah,1942,"Mountain States",1
Utah,1947,"Mountain States",0
Utah,1948,"Mountain States",0
Utah,1951,"Mountain States",0
Utah,1952,"Mountain States",0
Utah,1953,"Mountain States",0
Utah,1957,"Mountain States",0
Utah,1964,"WAC",1
Utah,1999,"Mountain West",1
Utah,2003,"Mountain West",0
Utah,2004,"Mountain West",0
Utah,2008,"Mountain West",0
Utah,2021,"Pac-12 / Pacific Coast",0
Utah,2022,"Pac-12 / Pacific Coast",0
Utah State,1921,"Mountain States",0
Utah State,1935,"Mountain States",1
Utah State,1936,"Mountain States",0
Utah State,1946,"Mountain States",0
Utah State,1960,"Mountain States",1
Utah State,1961,"Mountain States",1
Utah State,1978,"Big West",1
Utah State,1979,"Big West",0
Utah State,1993,"Big West",1
Utah State,1996,"Big West",1
Utah State,1997,"Big West",1
Utah State,2012,"WAC",0
Utah State,2021,"Mountain West",0
UTEP,2000,"WAC",1
UTSA,2021,"Big West",0
UTSA,2022,"Big West",0
Vanderbilt,1923,"Southern",0
Virginia,1989,"ACC",1
Virginia,1995,"ACC",1
Virginia Tech,1963,"Southern",0
Virginia Tech,1995,"Big East",1
Virginia Tech,1996,"Big East",1
Virginia Tech,1999,"Big East",0
Virginia Tech,2004,"ACC",0
Virginia Tech,2007,"ACC",0
Virginia Tech,2008,"ACC",0
Virginia Tech,2010,"ACC",0
Wake Forest,1970,"ACC",0
Wake Forest,2006,"ACC",0
Washington,1916,"Pac-12 / Pacific Coast",0
Washington,1917,"Pac-12 / Pacific Coast",0
Washington,1925,"Pac-12 / Pacific Coast",0
Washington,1936,"Pac-12 / Pacific Coast",0
Washington,1959,"Pac-12 / Pacific Coast",0
Washington,1960,"Pac-12 / Pacific Coast",0
Washington,1963,"Pac-12 / Pacific Coast",0
Washington,1977,"Pac-12 / Pacific Coast",0
Washington,1980,"Pac-12 / Pacific Coast",0
Washington,1981,"Pac-12 / Pacific Coast",0
Washington,1990,"Pac-12 / Pacific Coast",0
Washington,1991,"Pac-12 / Pacific Coast",0
Washington,1992,"Pac-12 / Pacific Coast",1
Washington,1995,"Pac-12 / Pacific Coast",1
Washington,2000,"Pac-12 / Pacific Coast",1
Washington,2016,"Pac-12 / Pacific Coast",0
Washington,2018,"Pac-12 / Pacific Coast",0
Washington,2023,"Pac-12 / Pacific Coast",0
Washington State,1930,"Pac-12 / Pacific Coast",0
Washington State,1997,"Pac-12 / Pacific Coast",1
Washington State,2002,"Pac-12 / Pacific Coast",1
West Virginia,1953,"Southern",0
West Virginia,1954,"Southern",0
West Virginia,1955,"Southern",0
West Virginia,1956,"Southern",0
West Virginia,1958,"Southern",0
West Virginia,1964,"Southern",0
West Virginia,1965,"Southern",0
West Virginia,1967,"Southern",0
West Virginia,1993,"Big East",1
West Virginia,2003,"Big East",1
West Virginia,2005,"Big East",0
West Virginia,2007,"Big East",1
West Virginia,2010,"Big East",0
West Virginia,2011,"Big East",1
Western Kentucky,1952,"MVFC",0
Western Kentucky,1963,"MVFC",0
Western Kentucky,1970,"MVFC",0
Western Kentucky,1971,"MVFC",0
Western Kentucky,1973,"MVFC",0
Western Kentucky,1975,"MVFC",0
Western Kentucky,1978,"MVFC",0
Western Kentucky,1980,"MVFC",0
Western Kentucky,2000,"MVFC",0
Western Kentucky,2002,"MVFC",0
Western Kentucky,2015,"Big West",0
Western Kentucky,2016,"Big West",0
Western Michigan,1966,"MAC",1
Western Michigan,1988,"MAC",0
Western Michigan,2016,"MAC",0
Western Michigan,2025,"MAC",0
Wisconsin,1896,"Big Ten",0
Wisconsin,1897,"Big Ten",0
Wisconsin,1901,"Big Ten",1
Wisconsin,1906,"Big Ten",1
Wisconsin,1912,"Big Ten",0
Wisconsin,1952,"Big Ten",1
Wisconsin,1959,"Big Ten",0
Wisconsin,1962,"Big Ten",0
Wisconsin,1993,"Big Ten",1
Wisconsin,1998,"Big Ten",1
Wisconsin,1999,"Big Ten",0
Wisconsin,2010,"Big Ten",1
Wisconsin,2011,"Big Ten",0
Wisconsin,2012,"Big Ten",0
Wyoming,1949,"Mountain States",0
Wyoming,1950,"Mountain States",0
Wyoming,1956,"Mountain States",0
Wyoming,1958,"Mountain States",0
Wyoming,1959,"Mountain States",0
Wyoming,1960,"Mountain States",1
Wyoming,1961,"Mountain States",1
Wyoming,1966,"WAC",1
Wyoming,1967,"WAC",1
Wyoming,1968,"WAC",1
Wyoming,1976,"WAC",1
Wyoming,1987,"WAC",0
Wyoming,1988,"WAC",1
Wyoming,1993,"WAC",1
