# One (school, season): weeks in the AP poll / top-10 / top-5 / at #1, and the final rank that year.
# Hand-maintained; covers every weekly poll 1936->present. Edit and re-run `npm run build:data`.
# final_rank=1 rows define that season’s AP champion.
school,season,weeks_poll,weeks_top10,weeks_top5,weeks_no1,final_rank
Air Force,1958,7,5,0,0,6
Air Force,1959,5,0,0,0,
Air Force,1969,4,0,0,0,
Air Force,1970,13,7,0,0,16
Air Force,1971,2,0,0,0,
Air Force,1972,4,0,0,0,
Air Force,1983,4,0,0,0,13
Air Force,1985,13,8,2,0,8
Air Force,1989,4,0,0,0,
Air Force,1991,1,0,0,0,25
Air Force,1995,1,0,0,0,
Air Force,1997,6,0,0,0,
Air Force,1998,8,0,0,0,13
Air Force,1999,1,0,0,0,
Air Force,2002,3,0,0,0,
Air Force,2010,2,0,0,0,
Air Force,2019,3,0,0,0,22
Air Force,2023,3,0,0,0,
Alabama,1936,5,4,3,0,4
Alabama,1937,7,7,7,0,4
Alabama,1938,7,0,0,0,13
Alabama,1939,4,1,0,0,
Alabama,1940,3,0,0,0,
Alabama,1941,6,2,0,0,20
Alabama,1942,8,8,4,0,10
Alabama,1944,3,0,0,0,
Alabama,1945,9,9,6,0,2
Alabama,1946,4,2,0,0,
Alabama,1947,7,4,0,0,6
Alabama,1950,3,0,0,0,16
Alabama,1951,1,1,0,0,
Alabama,1952,8,2,0,0,9
Alabama,1953,4,1,1,0,13
Alabama,1954,2,0,0,0,
Alabama,1959,4,1,0,0,10
Alabama,1960,7,2,1,0,9
Alabama,1961,12,12,12,3,1
Alabama,1962,12,12,11,3,5
Alabama,1963,13,13,4,0,8
Alabama,1964,11,11,10,1,1
Alabama,1965,8,8,7,1,1
Alabama,1966,13,13,13,1,3
Alabama,1967,8,8,2,0,8
Alabama,1968,9,3,0,0,17
Alabama,1969,5,0,0,0,
Alabama,1970,3,0,0,0,
Alabama,1971,15,14,10,0,4
Alabama,1972,15,15,11,0,7
Alabama,1973,15,15,13,2,4
Alabama,1974,15,15,15,0,5
Alabama,1975,15,12,7,0,3
Alabama,1976,13,3,0,0,11
Alabama,1977,14,14,10,0,2
Alabama,1978,15,15,12,4,1
Alabama,1979,15,15,15,8,1
Alabama,1980,16,16,10,7,6
Alabama,1981,15,11,5,0,7
Alabama,1982,11,10,7,0,
Alabama,1983,15,3,1,0,15
Alabama,1984,3,2,0,0,
Alabama,1985,11,1,0,0,13
Alabama,1986,15,13,8,0,9
Alabama,1987,11,0,0,0,
Alabama,1988,15,0,0,0,17
Alabama,1989,17,10,5,0,9
Alabama,1990,3,0,0,0,
Alabama,1991,15,8,1,0,5
Alabama,1992,17,17,10,1,1
Alabama,1993,17,11,11,0,14
Alabama,1994,17,10,4,0,5
Alabama,1995,17,1,0,0,21
Alabama,1996,18,6,0,0,11
Alabama,1997,7,0,0,0,
Alabama,1998,2,0,0,0,
Alabama,1999,16,6,1,0,8
Alabama,2000,4,2,2,0,
Alabama,2001,2,0,0,0,
Alabama,2002,10,2,0,0,13
Alabama,2003,1,0,0,0,
Alabama,2005,12,8,4,0,8
Alabama,2007,5,0,0,0,
Alabama,2008,16,13,10,5,6
Alabama,2009,16,16,16,3,1
Alabama,2010,16,13,7,6,10
Alabama,2011,16,16,16,1,1
Alabama,2012,16,16,16,11,1
Alabama,2013,17,17,16,14,7
Alabama,2014,17,17,15,2,4
Alabama,2015,16,14,9,1,1
Alabama,2016,16,16,16,15,2
Alabama,2017,16,16,16,14,1
Alabama,2018,16,16,16,15,2
Alabama,2019,17,17,14,4,8
Alabama,2020,16,16,16,7,1
Alabama,2021,16,16,16,7,2
Alabama,2022,16,16,9,3,5
Alabama,2023,16,11,4,0,5
Alabama,2024,17,10,6,1,17
Alabama,2025,17,12,4,0,9
Appalachian State,2018,1,0,0,0,
Appalachian State,2019,8,0,0,0,19
Appalachian State,2020,1,0,0,0,
Arizona,1961,1,0,0,0,17
Arizona,1968,1,0,0,0,
Arizona,1973,2,0,0,0,
Arizona,1974,9,1,0,0,
Arizona,1975,15,0,0,0,18
Arizona,1983,8,5,2,0,
Arizona,1986,13,2,0,0,11
Arizona,1989,9,0,0,0,25
Arizona,1990,7,0,0,0,
Arizona,1992,8,1,0,0,
Arizona,1993,17,3,0,0,10
Arizona,1994,17,7,0,0,20
Arizona,1995,5,0,0,0,
Arizona,1998,16,8,2,0,4
Arizona,1999,4,1,1,0,
Arizona,2000,3,0,0,0,
Arizona,2009,4,0,0,0,
Arizona,2010,11,1,0,0,
Arizona,2012,3,0,0,0,
Arizona,2014,11,2,0,0,19
Arizona,2015,4,0,0,0,
Arizona,2017,1,0,0,0,
Arizona,2023,6,0,0,0,11
Arizona,2024,3,0,0,0,
Arizona,2025,2,0,0,0,
Arizona State,1957,3,0,0,0,12
Arizona State,1960,1,0,0,0,
Arizona State,1968,5,0,0,0,
Arizona State,1969,1,0,0,0,
Arizona State,1970,14,5,0,0,6
Arizona State,1971,15,7,0,0,8
Arizona State,1972,12,1,0,0,13
Arizona State,1973,15,3,0,0,9
Arizona State,1974,10,1,0,0,
Arizona State,1975,13,7,1,0,2
Arizona State,1976,2,1,1,0,
Arizona State,1977,8,0,0,0,18
Arizona State,1978,2,0,0,0,
Arizona State,1979,1,0,0,0,
Arizona State,1980,1,0,0,0,
Arizona State,1981,13,3,0,0,16
Arizona State,1982,16,8,2,0,6
Arizona State,1983,4,0,0,0,
Arizona State,1984,2,0,0,0,
Arizona State,1986,13,9,4,0,4
Arizona State,1987,7,0,0,0,20
Arizona State,1990,3,0,0,0,
Arizona State,1991,2,0,0,0,
Arizona State,1993,1,0,0,0,
Arizona State,1996,18,13,12,0,4
Arizona State,1997,13,0,0,0,14
Arizona State,1998,2,1,0,0,
Arizona State,1999,4,0,0,0,
Arizona State,2002,3,0,0,0,
Arizona State,2003,4,0,0,0,
Arizona State,2004,12,0,0,0,19
Arizona State,2005,6,0,0,0,
Arizona State,2006,4,0,0,0,
Arizona State,2007,11,5,0,0,16
Arizona State,2008,3,0,0,0,
Arizona State,2011,7,0,0,0,
Arizona State,2013,10,0,0,0,21
Arizona State,2014,16,1,0,0,12
Arizona State,2015,1,0,0,0,
Arizona State,2018,1,0,0,0,
Arizona State,2019,5,0,0,0,
Arizona State,2021,5,0,0,0,
Arizona State,2024,5,2,0,0,7
Arizona State,2025,5,0,0,0,
Arkansas,1936,1,0,0,0,18
Arkansas,1937,4,0,0,0,14
Arkansas,1946,6,1,0,0,16
Arkansas,1948,1,0,0,0,
Arkansas,1951,2,0,0,0,
Arkansas,1954,8,6,3,0,10
Arkansas,1955,1,0,0,0,
Arkansas,1957,4,1,0,0,
Arkansas,1959,10,4,0,0,9
Arkansas,1960,10,5,0,0,7
Arkansas,1961,4,4,0,0,9
Arkansas,1962,9,9,0,0,6
Arkansas,1963,2,2,0,0,
Arkansas,1964,9,9,7,0,2
Arkansas,1965,13,13,12,1,3
Arkansas,1966,8,8,2,0,
Arkansas,1968,11,6,0,0,6
Arkansas,1969,14,14,13,0,7
Arkansas,1970,15,11,3,0,11
Arkansas,1971,15,5,0,0,16
Arkansas,1972,6,1,1,0,
Arkansas,1974,5,1,0,0,
Arkansas,1975,7,1,0,0,7
Arkansas,1976,9,0,0,0,
Arkansas,1977,12,10,1,0,3
Arkansas,1978,15,10,7,0,11
Arkansas,1979,15,9,1,0,8
Arkansas,1980,8,1,0,0,
Arkansas,1981,6,0,0,0,
Arkansas,1982,16,13,2,0,9
Arkansas,1985,17,5,1,0,12
Arkansas,1986,15,6,0,0,15
Arkansas,1987,7,1,0,0,
Arkansas,1988,11,4,0,0,12
Arkansas,1989,17,14,0,0,13
Arkansas,1990,6,0,0,0,
Arkansas,1991,2,0,0,0,
Arkansas,1995,8,0,0,0,
Arkansas,1998,12,2,0,0,16
Arkansas,1999,11,0,0,0,17
Arkansas,2001,1,0,0,0,
Arkansas,2002,2,0,0,0,25
Arkansas,2003,6,3,0,0,
Arkansas,2006,9,3,2,0,15
Arkansas,2007,3,0,0,0,
Arkansas,2010,16,3,0,0,12
Arkansas,2011,16,11,2,0,5
Arkansas,2012,2,2,0,0,
Arkansas,2015,2,0,0,0,
Arkansas,2016,6,0,0,0,
Arkansas,2021,10,1,0,0,21
Arkansas,2022,5,2,0,0,
Army,1936,2,2,1,0,
Army,1941,3,0,0,0,
Army,1942,4,1,0,0,
Army,1943,9,8,5,0,11
Army,1944,9,9,9,6,1
Army,1945,9,9,9,9,1
Army,1946,9,9,9,7,2
Army,1947,10,5,1,0,11
Army,1948,9,9,8,0,6
Army,1949,9,9,8,0,4
Army,1950,10,10,10,3,2
Army,1953,3,0,0,0,14
Army,1954,10,7,3,0,7
Army,1955,7,3,0,0,20
Army,1956,4,0,0,0,
Army,1957,10,7,0,0,18
Army,1958,12,12,10,2,3
Army,1959,3,3,2,0,
Army,1960,1,0,0,0,
Army,1962,1,1,0,0,
Army,1985,1,0,0,0,
Army,1996,5,0,0,0,25
Army,2018,4,0,0,0,19
Army,2020,2,0,0,0,
Army,2024,10,0,0,0,21
Auburn,1936,2,0,0,0,
Auburn,1937,3,0,0,0,
Auburn,1942,2,0,0,0,16
Auburn,1953,6,0,0,0,17
Auburn,1954,3,0,0,0,13
Auburn,1955,10,4,0,0,8
Auburn,1957,11,10,7,2,1
Auburn,1958,12,12,12,1,4
Auburn,1959,11,6,2,0,
Auburn,1960,8,3,0,0,13
Auburn,1962,1,1,0,0,
Auburn,1963,8,8,4,0,5
Auburn,1964,2,2,0,0,
Auburn,1968,5,0,0,0,16
Auburn,1969,13,0,0,0,20
Auburn,1970,13,8,0,0,10
Auburn,1971,15,14,10,0,12
Auburn,1972,11,5,1,0,5
Auburn,1973,5,0,0,0,
Auburn,1974,11,10,3,0,8
Auburn,1975,2,2,0,0,
Auburn,1978,1,0,0,0,
Auburn,1979,10,0,0,0,16
Auburn,1980,4,0,0,0,
Auburn,1982,5,0,0,0,14
Auburn,1983,16,15,13,0,3
Auburn,1984,16,2,1,1,14
Auburn,1985,16,10,5,3,
Auburn,1986,15,12,1,0,6
Auburn,1987,16,15,6,0,7
Auburn,1988,17,16,3,0,8
Auburn,1989,17,9,4,0,6
Auburn,1990,15,10,9,0,19
Auburn,1991,7,0,0,0,
Auburn,1993,13,9,4,0,4
Auburn,1994,17,13,4,0,9
Auburn,1995,17,5,1,0,22
Auburn,1996,14,0,0,0,24
Auburn,1997,18,4,0,0,11
Auburn,1998,1,0,0,0,
Auburn,2000,13,0,0,0,18
Auburn,2001,4,0,0,0,
Auburn,2002,5,0,0,0,19
Auburn,2003,4,1,0,0,
Auburn,2004,15,12,9,0,2
Auburn,2005,11,2,0,0,14
Auburn,2006,15,11,7,0,9
Auburn,2007,10,0,0,0,15
Auburn,2008,7,4,0,0,
Auburn,2009,1,0,0,0,
Auburn,2010,16,12,9,2,1
Auburn,2011,7,0,0,0,
Auburn,2013,10,8,4,0,2
Auburn,2014,17,12,9,0,22
Auburn,2015,3,2,0,0,
Auburn,2016,10,1,0,0,24
Auburn,2017,16,7,1,0,10
Auburn,2018,7,6,0,0,
Auburn,2019,17,7,0,0,14
Auburn,2020,10,3,0,0,
Auburn,2021,9,0,0,0,
Auburn,2025,2,0,0,0,
Ball State,2008,9,0,0,0,
Ball State,2020,1,0,0,0,23
Baylor,1937,4,2,1,0,
Baylor,1938,1,0,0,0,
Baylor,1939,1,0,0,0,
Baylor,1942,1,0,0,0,
Baylor,1947,1,0,0,0,
Baylor,1948,2,0,0,0,
Baylor,1949,7,3,0,0,20
Baylor,1951,11,7,0,0,9
Baylor,1953,9,7,2,0,
Baylor,1954,7,2,0,0,18
Baylor,1955,3,0,0,0,
Baylor,1956,8,3,0,0,11
Baylor,1957,3,1,0,0,
Baylor,1960,7,3,0,0,12
Baylor,1961,2,2,0,0,
Baylor,1966,2,2,0,0,
Baylor,1974,4,0,0,0,14
Baylor,1975,1,0,0,0,
Baylor,1976,1,0,0,0,
Baylor,1979,6,0,0,0,14
Baylor,1980,12,4,0,0,14
Baylor,1983,1,0,0,0,
Baylor,1985,9,0,0,0,17
Baylor,1986,12,1,0,0,12
Baylor,1991,10,1,0,0,
Baylor,1993,1,0,0,0,
Baylor,2010,2,0,0,0,
Baylor,2011,11,0,0,0,13
Baylor,2012,1,0,0,0,
Baylor,2013,16,8,4,0,13
Baylor,2014,17,15,5,0,7
Baylor,2015,16,13,11,0,13
Baylor,2016,11,2,0,0,
Baylor,2019,11,2,0,0,13
Baylor,2021,10,4,1,0,5
Baylor,2022,5,2,0,0,
Boise State,2002,4,0,0,0,18
Boise State,2003,5,0,0,0,16
Boise State,2004,13,1,0,0,12
Boise State,2005,1,0,0,0,
Boise State,2006,12,2,1,0,5
Boise State,2007,7,0,0,0,
Boise State,2008,12,5,0,0,11
Boise State,2009,16,14,4,0,4
Boise State,2010,16,16,13,0,9
Boise State,2011,16,16,11,0,8
Boise State,2012,10,0,0,0,18
Boise State,2013,1,0,0,0,
Boise State,2014,4,0,0,0,16
Boise State,2015,4,0,0,0,
Boise State,2016,9,0,0,0,
Boise State,2017,3,0,0,0,22
Boise State,2018,8,0,0,0,23
Boise State,2019,16,0,0,0,23
Boise State,2020,2,0,0,0,
Boise State,2024,13,3,0,0,8
Boise State,2025,1,0,0,0,
Boston College,1939,2,0,0,0,11
Boston College,1940,8,8,3,0,5
Boston College,1941,1,0,0,0,
Boston College,1942,8,7,4,1,8
Boston College,1946,1,0,0,0,
Boston College,1955,1,0,0,0,
Boston College,1976,4,0,0,0,
Boston College,1982,2,0,0,0,
Boston College,1983,9,0,0,0,19
Boston College,1984,16,11,5,0,5
Boston College,1986,1,0,0,0,19
Boston College,1992,13,1,0,0,21
Boston College,1993,10,0,0,0,13
Boston College,1994,6,0,0,0,23
Boston College,1995,1,0,0,0,
Boston College,1999,4,0,0,0,
Boston College,2001,1,0,0,0,
Boston College,2004,6,0,0,0,21
Boston College,2005,13,0,0,0,18
Boston College,2006,11,0,0,0,20
Boston College,2007,13,7,4,0,10
Boston College,2008,3,0,0,0,
Boston College,2018,4,0,0,0,
Boston College,2024,1,0,0,0,
Bowling Green,1973,1,0,0,0,
Bowling Green,1985,2,0,0,0,
Bowling Green,2002,4,0,0,0,
Bowling Green,2003,8,0,0,0,23
Bowling Green,2004,1,0,0,0,
Buffalo,2020,3,0,0,0,25
BYU,1974,2,0,0,0,
BYU,1977,12,0,0,0,20
BYU,1979,11,4,0,0,13
BYU,1980,9,0,0,0,12
BYU,1981,12,2,0,0,13
BYU,1983,11,6,0,0,7
BYU,1984,15,14,9,4,1
BYU,1985,17,7,0,0,16
BYU,1986,3,0,0,0,
BYU,1988,1,0,0,0,
BYU,1989,13,0,0,0,22
BYU,1990,16,9,6,0,22
BYU,1991,4,0,0,0,23
BYU,1992,5,0,0,0,
BYU,1993,7,0,0,0,
BYU,1994,10,0,0,0,18
BYU,1996,16,6,2,0,5
BYU,1997,6,0,0,0,
BYU,1999,9,0,0,0,
BYU,2001,11,4,0,0,19
BYU,2006,5,0,0,0,16
BYU,2007,3,0,0,0,14
BYU,2008,16,3,0,0,25
BYU,2009,15,2,0,0,12
BYU,2012,1,0,0,0,
BYU,2014,4,0,0,0,
BYU,2015,2,0,0,0,
BYU,2018,2,0,0,0,
BYU,2020,15,5,0,0,11
BYU,2021,13,1,0,0,19
BYU,2022,6,0,0,0,
BYU,2024,13,3,0,0,13
BYU,2025,13,2,0,0,11
California,1937,7,7,7,3,2
California,1938,8,5,3,0,14
California,1943,1,0,0,0,
California,1944,1,0,0,0,
California,1947,10,5,2,0,15
California,1948,9,9,7,0,4
California,1949,9,9,7,0,3
California,1950,10,9,5,0,5
California,1951,11,6,4,1,12
California,1952,6,5,4,0,
California,1953,2,0,0,0,
California,1954,3,0,0,0,
California,1958,3,0,0,0,16
California,1968,7,1,0,0,
California,1974,4,0,0,0,
California,1975,6,0,0,0,14
California,1976,1,0,0,0,
California,1977,5,0,0,0,
California,1991,13,7,0,0,8
California,1992,4,0,0,0,
California,1993,6,0,0,0,25
California,1996,2,0,0,0,
California,2002,1,0,0,0,
California,2004,15,13,5,0,9
California,2005,11,1,0,0,25
California,2006,15,4,0,0,14
California,2007,10,7,2,0,
California,2008,3,0,0,0,
California,2009,8,3,0,0,
California,2015,4,0,0,0,
California,2018,1,0,0,0,
California,2019,2,0,0,0,
Central Michigan,2009,2,0,0,0,23
Cincinnati,1951,1,0,0,0,
Cincinnati,1954,3,0,0,0,
Cincinnati,1976,1,0,0,0,
Cincinnati,2007,8,0,0,0,17
Cincinnati,2008,5,0,0,0,17
Cincinnati,2009,15,12,8,0,8
Cincinnati,2011,4,0,0,0,25
Cincinnati,2012,2,0,0,0,
Cincinnati,2018,5,0,0,0,24
Cincinnati,2019,11,0,0,0,21
Cincinnati,2020,16,11,0,0,8
Cincinnati,2021,16,16,11,0,4
Cincinnati,2022,7,0,0,0,
Cincinnati,2025,5,0,0,0,
Clemson,1939,5,0,0,0,12
Clemson,1940,3,1,0,0,
Clemson,1941,4,0,0,0,
Clemson,1945,1,0,0,0,
Clemson,1948,8,3,0,0,11
Clemson,1950,9,1,0,0,10
Clemson,1951,3,0,0,0,19
Clemson,1955,1,0,0,0,
Clemson,1956,6,0,0,0,19
Clemson,1957,1,0,0,0,
Clemson,1958,10,4,0,0,12
Clemson,1959,12,4,1,0,11
Clemson,1960,5,5,0,0,
Clemson,1977,8,0,0,0,19
Clemson,1978,9,4,0,0,6
Clemson,1979,5,0,0,0,
Clemson,1981,12,10,8,2,1
Clemson,1982,13,5,0,0,8
Clemson,1983,6,0,0,0,11
Clemson,1984,6,4,4,0,
Clemson,1986,7,0,0,0,17
Clemson,1987,16,11,0,0,12
Clemson,1988,17,6,4,0,9
Clemson,1989,16,4,0,0,12
Clemson,1990,16,3,0,0,9
Clemson,1991,16,6,0,0,18
Clemson,1992,9,0,0,0,
Clemson,1993,8,0,0,0,23
Clemson,1994,3,0,0,0,
Clemson,1995,5,0,0,0,
Clemson,1996,2,0,0,0,
Clemson,1997,6,0,0,0,
Clemson,2000,17,6,4,0,16
Clemson,2001,5,0,0,0,
Clemson,2003,1,0,0,0,22
Clemson,2004,2,0,0,0,
Clemson,2005,5,0,0,0,21
Clemson,2006,11,1,0,0,
Clemson,2007,11,0,0,0,21
Clemson,2008,3,1,0,0,
Clemson,2009,5,0,0,0,24
Clemson,2011,13,6,0,0,22
Clemson,2012,16,3,0,0,11
Clemson,2013,17,15,7,0,8
Clemson,2014,13,0,0,0,15
Clemson,2015,16,11,9,5,2
Clemson,2016,16,16,16,1,1
Clemson,2017,16,16,13,2,4
Clemson,2018,16,16,16,1,1
Clemson,2019,17,17,17,5,2
Clemson,2020,16,16,16,9,3
Clemson,2021,8,4,1,0,14
Clemson,2022,16,14,10,0,13
Clemson,2023,3,1,0,0,20
Clemson,2024,17,3,0,0,14
Clemson,2025,3,2,1,0,
Coastal Carolina,2020,10,1,0,0,14
Coastal Carolina,2021,11,0,0,0,
Coastal Carolina,2022,2,0,0,0,
Colorado,1937,4,0,0,0,17
Colorado,1954,2,0,0,0,
Colorado,1955,2,0,0,0,
Colorado,1956,4,0,0,0,20
Colorado,1957,1,0,0,0,
Colorado,1958,3,1,0,0,
Colorado,1960,1,0,0,0,
Colorado,1961,8,8,0,0,7
Colorado,1967,8,8,2,0,
Colorado,1969,2,0,0,0,16
Colorado,1970,6,1,0,0,
Colorado,1971,14,10,2,0,3
Colorado,1972,15,6,4,0,16
Colorado,1973,7,1,0,0,
Colorado,1975,11,5,0,0,16
Colorado,1976,7,0,0,0,16
Colorado,1977,8,5,1,0,
Colorado,1978,4,0,0,0,
Colorado,1988,1,0,0,0,
Colorado,1989,17,16,13,3,4
Colorado,1990,16,11,7,4,1
Colorado,1991,16,0,0,0,20
Colorado,1992,17,9,0,0,13
Colorado,1993,17,2,0,0,16
Colorado,1994,17,17,8,0,3
Colorado,1995,17,15,3,0,5
Colorado,1996,18,16,5,0,8
Colorado,1997,8,4,0,0,
Colorado,1998,8,0,0,0,
Colorado,1999,2,0,0,0,
Colorado,2000,2,0,0,0,
Colorado,2001,9,3,2,0,3
Colorado,2002,13,2,0,0,14
Colorado,2003,2,0,0,0,
Colorado,2005,3,0,0,0,
Colorado,2016,9,2,0,0,17
Colorado,2018,2,0,0,0,
Colorado,2020,1,0,0,0,
Colorado,2023,3,0,0,0,
Colorado,2024,8,0,0,0,25
Colorado State,1994,12,5,0,0,16
Colorado State,1997,8,0,0,0,17
Colorado State,1998,1,0,0,0,
Colorado State,1999,2,0,0,0,
Colorado State,2000,3,0,0,0,14
Colorado State,2001,2,0,0,0,
Colorado State,2002,11,0,0,0,23
Colorado State,2003,1,0,0,0,
Colorado State,2014,3,0,0,0,
Duke,1936,7,1,1,0,11
Duke,1937,6,2,0,0,20
Duke,1938,8,7,4,0,3
Duke,1939,9,4,0,0,8
Duke,1940,5,0,0,0,18
Duke,1941,8,8,8,0,2
Duke,1943,9,9,2,0,7
Duke,1944,5,1,0,0,11
Duke,1945,9,0,0,0,13
Duke,1946,4,0,0,0,
Duke,1947,6,1,0,0,19
Duke,1948,2,0,0,0,
Duke,1949,2,0,0,0,
Duke,1950,2,0,0,0,
Duke,1951,1,0,0,0,
Duke,1952,10,5,1,0,16
Duke,1953,10,4,0,0,18
Duke,1954,10,3,0,0,14
Duke,1955,9,1,1,0,
Duke,1956,1,0,0,0,
Duke,1957,12,7,4,0,16
Duke,1960,6,3,0,0,10
Duke,1961,1,0,0,0,20
Duke,1962,1,1,0,0,
Duke,1971,4,0,0,0,
Duke,1989,5,0,0,0,
Duke,1994,8,0,0,0,
Duke,2013,5,0,0,0,23
Duke,2014,4,0,0,0,
Duke,2015,3,0,0,0,
Duke,2018,1,0,0,0,
Duke,2023,8,0,0,0,
East Carolina,1976,1,0,0,0,
East Carolina,1983,4,0,0,0,20
East Carolina,1991,9,1,0,0,9
East Carolina,1999,11,0,0,0,
East Carolina,2008,3,0,0,0,
East Carolina,2014,6,0,0,0,
Florida,1950,2,0,0,0,
Florida,1952,5,0,0,0,15
Florida,1953,1,0,0,0,
Florida,1954,3,0,0,0,
Florida,1955,1,0,0,0,
Florida,1956,5,0,0,0,
Florida,1957,3,0,0,0,17
Florida,1958,7,0,0,0,14
Florida,1959,6,0,0,0,19
Florida,1960,5,0,0,0,18
Florida,1964,3,3,0,0,
Florida,1965,6,6,0,0,
Florida,1966,6,6,0,0,
Florida,1968,8,6,2,0,
Florida,1969,13,3,0,0,14
Florida,1970,3,0,0,0,
Florida,1973,4,0,0,0,
Florida,1974,10,3,0,0,15
Florida,1975,14,0,0,0,
Florida,1976,8,1,0,0,
Florida,1977,8,1,0,0,
Florida,1980,5,0,0,0,
Florida,1981,1,0,0,0,
Florida,1982,7,3,3,0,
Florida,1983,15,6,1,0,6
Florida,1984,11,6,5,0,3
Florida,1985,17,13,8,1,5
Florida,1986,3,0,0,0,
Florida,1987,7,1,0,0,
Florida,1988,4,0,0,0,
Florida,1989,5,0,0,0,
Florida,1990,14,6,1,0,13
Florida,1991,16,14,6,0,7
Florida,1992,17,7,3,0,10
Florida,1993,17,17,5,0,5
Florida,1994,17,17,15,7,7
Florida,1995,17,17,17,0,2
Florida,1996,18,18,18,11,1
Florida,1997,18,16,9,3,4
Florida,1998,16,16,9,0,5
Florida,1999,17,16,12,0,12
Florida,2000,17,16,4,0,10
Florida,2001,14,14,13,3,5
Florida,2002,14,6,0,0,22
Florida,2003,13,0,0,0,24
Florida,2004,10,0,0,0,
Florida,2005,15,5,2,0,12
Florida,2006,15,15,8,1,1
Florida,2007,15,8,4,0,13
Florida,2008,16,14,14,1,1
Florida,2009,16,16,16,13,3
Florida,2010,8,5,1,0,
Florida,2011,6,0,0,0,
Florida,2012,16,11,5,0,9
Florida,2013,8,1,0,0,
Florida,2015,12,3,0,0,25
Florida,2016,15,1,0,0,14
Florida,2017,6,0,0,0,
Florida,2018,12,3,0,0,7
Florida,2019,17,15,0,0,6
Florida,2020,16,14,4,0,13
Florida,2021,7,1,0,0,
Florida,2022,3,0,0,0,
Florida,2023,2,0,0,0,
Florida,2025,2,0,0,0,
Florida State,1964,3,3,0,0,
Florida State,1968,4,0,0,0,
Florida State,1971,2,0,0,0,
Florida State,1972,6,0,0,0,
Florida State,1977,7,0,0,0,14
Florida State,1978,6,1,0,0,
Florida State,1979,15,11,4,0,6
Florida State,1980,16,13,8,0,5
Florida State,1981,9,0,0,0,
Florida State,1982,9,2,0,0,13
Florida State,1983,5,2,0,0,
Florida State,1984,16,3,0,0,17
Florida State,1985,17,6,3,0,15
Florida State,1986,5,0,0,0,
Florida State,1987,16,16,11,0,2
Florida State,1988,17,17,10,2,3
Florida State,1989,15,10,6,0,3
Florida State,1990,16,13,7,0,4
Florida State,1991,16,16,16,12,4
Florida State,1992,17,17,12,0,2
Florida State,1993,17,17,17,16,1
Florida State,1994,17,16,8,0,4
Florida State,1995,17,17,12,10,4
Florida State,1996,18,18,18,2,3
Florida State,1997,18,18,18,0,3
Florida State,1998,16,15,9,0,3
Florida State,1999,17,17,17,17,1
Florida State,2000,17,17,14,1,5
Florida State,2001,12,4,0,0,24
Florida State,2002,17,7,6,0,16
Florida State,2003,16,11,4,0,11
Florida State,2004,15,10,4,0,15
Florida State,2005,15,7,2,0,23
Florida State,2006,6,2,0,0,
Florida State,2007,2,0,0,0,
Florida State,2008,7,0,0,0,21
Florida State,2009,2,0,0,0,
Florida State,2010,11,0,0,0,17
Florida State,2011,10,3,2,0,23
Florida State,2012,16,11,4,0,10
Florida State,2013,17,16,10,3,1
Florida State,2014,17,17,17,9,5
Florida State,2015,16,6,0,0,14
Florida State,2016,16,5,3,0,8
Florida State,2017,4,2,1,0,
Florida State,2018,1,0,0,0,
Florida State,2022,7,0,0,0,11
Florida State,2023,16,16,14,0,6
Florida State,2024,1,1,0,0,
Florida State,2025,6,3,0,0,
Fresno State,1942,1,0,0,0,
Fresno State,1986,1,0,0,0,
Fresno State,1989,3,0,0,0,
Fresno State,1990,2,0,0,0,
Fresno State,1991,1,0,0,0,
Fresno State,1992,1,0,0,0,24
Fresno State,1993,2,0,0,0,
Fresno State,2001,9,3,0,0,20
Fresno State,2004,4,0,0,0,22
Fresno State,2005,10,0,0,0,
Fresno State,2008,5,0,0,0,
Fresno State,2013,12,0,0,0,
Fresno State,2017,1,0,0,0,
Fresno State,2018,5,0,0,0,18
Fresno State,2021,3,0,0,0,
Fresno State,2022,1,0,0,0,24
Fresno State,2023,2,0,0,0,
Georgia,1941,3,0,0,0,14
Georgia,1942,8,8,8,3,2
Georgia,1943,1,0,0,0,
Georgia,1945,2,0,0,0,18
Georgia,1946,9,9,6,0,3
Georgia,1947,1,1,0,0,
Georgia,1948,7,1,0,0,8
Georgia,1951,1,0,0,0,
Georgia,1952,1,0,0,0,
Georgia,1953,1,0,0,0,
Georgia,1954,1,0,0,0,
Georgia,1959,9,4,2,0,5
Georgia,1960,1,0,0,0,
Georgia,1965,4,4,2,0,
Georgia,1966,5,5,2,0,4
Georgia,1967,8,8,4,0,
Georgia,1968,12,9,4,0,8
Georgia,1969,9,4,0,0,
Georgia,1970,1,0,0,0,
Georgia,1971,15,11,0,0,7
Georgia,1972,3,0,0,0,
Georgia,1975,5,0,0,0,19
Georgia,1976,14,12,3,0,10
Georgia,1977,2,0,0,0,
Georgia,1978,10,1,0,0,16
Georgia,1979,2,0,0,0,
Georgia,1980,16,14,9,6,1
Georgia,1981,15,12,7,0,6
Georgia,1982,16,16,11,5,4
Georgia,1983,16,11,3,0,4
Georgia,1984,11,2,0,0,
Georgia,1985,8,0,0,0,
Georgia,1986,7,0,0,0,
Georgia,1987,16,2,0,0,13
Georgia,1988,17,3,0,0,15
Georgia,1989,1,0,0,0,
Georgia,1991,10,0,0,0,17
Georgia,1992,17,8,0,0,8
Georgia,1993,3,0,0,0,
Georgia,1994,1,0,0,0,
Georgia,1995,2,0,0,0,
Georgia,1997,14,3,0,0,10
Georgia,1998,16,1,0,0,14
Georgia,1999,17,3,0,0,16
Georgia,2000,17,3,0,0,20
Georgia,2001,10,0,0,0,16
Georgia,2002,17,17,6,0,4
Georgia,2003,16,13,5,0,7
Georgia,2004,15,13,6,0,7
Georgia,2005,15,10,4,0,10
Georgia,2006,8,4,0,0,23
Georgia,2007,15,6,2,0,2
Georgia,2008,16,9,5,1,13
Georgia,2009,5,0,0,0,
Georgia,2010,2,0,0,0,
Georgia,2011,10,0,0,0,19
Georgia,2012,16,13,8,0,5
Georgia,2013,11,6,1,0,
Georgia,2014,17,8,0,0,9
Georgia,2015,6,5,0,0,
Georgia,2016,5,1,0,0,
Georgia,2017,16,12,8,0,2
Georgia,2018,16,16,11,0,7
Georgia,2019,17,17,13,0,4
Georgia,2020,16,11,9,0,7
Georgia,2021,16,16,16,9,1
Georgia,2022,16,16,16,13,1
Georgia,2023,16,16,15,14,4
Georgia,2024,17,16,13,3,6
Georgia,2025,17,16,12,0,6
Georgia Tech,1939,3,0,0,0,16
Georgia Tech,1942,8,8,6,0,5
Georgia Tech,1943,4,0,0,0,13
Georgia Tech,1944,8,6,2,0,13
Georgia Tech,1946,7,4,0,0,11
Georgia Tech,1947,10,10,2,0,10
Georgia Tech,1948,7,5,0,0,
Georgia Tech,1951,10,9,4,0,5
Georgia Tech,1952,11,11,10,0,2
Georgia Tech,1953,11,10,3,0,8
Georgia Tech,1954,4,2,1,0,
Georgia Tech,1955,12,9,4,0,7
Georgia Tech,1956,12,12,12,0,4
Georgia Tech,1957,5,1,1,0,
Georgia Tech,1958,2,0,0,0,
Georgia Tech,1959,8,5,2,0,
Georgia Tech,1960,3,1,0,0,
Georgia Tech,1961,6,5,1,0,13
Georgia Tech,1962,2,2,1,0,
Georgia Tech,1963,3,3,0,0,
Georgia Tech,1964,3,3,0,0,
Georgia Tech,1965,1,1,0,0,
Georgia Tech,1966,11,11,4,0,8
Georgia Tech,1970,9,0,0,0,13
Georgia Tech,1971,1,0,0,0,
Georgia Tech,1972,1,0,0,0,20
Georgia Tech,1978,1,0,0,0,
Georgia Tech,1984,3,0,0,0,
Georgia Tech,1985,1,0,0,0,19
Georgia Tech,1990,11,6,5,0,2
Georgia Tech,1991,6,1,0,0,
Georgia Tech,1992,8,0,0,0,
Georgia Tech,1996,2,0,0,0,
Georgia Tech,1997,3,0,0,0,25
Georgia Tech,1998,10,1,0,0,9
Georgia Tech,1999,17,9,0,0,20
Georgia Tech,2000,7,0,0,0,17
Georgia Tech,2001,10,3,0,0,
Georgia Tech,2005,8,0,0,0,
Georgia Tech,2006,10,0,0,0,
Georgia Tech,2007,2,0,0,0,
Georgia Tech,2008,5,0,0,0,22
Georgia Tech,2009,15,5,0,0,13
Georgia Tech,2010,2,0,0,0,
Georgia Tech,2011,8,0,0,0,
Georgia Tech,2014,7,2,0,0,8
Georgia Tech,2015,4,0,0,0,
Georgia Tech,2024,1,0,0,0,
Georgia Tech,2025,13,2,0,0,
Hawaii,1981,1,0,0,0,
Hawaii,1989,5,0,0,0,
Hawaii,1992,2,0,0,0,20
Hawaii,2006,2,0,0,0,
Hawaii,2007,15,0,0,0,19
Hawaii,2010,2,0,0,0,
Houston,1952,1,0,0,0,
Houston,1957,1,0,0,0,
Houston,1958,3,0,0,0,
Houston,1967,7,7,2,0,
Houston,1968,11,2,0,0,18
Houston,1969,7,1,0,0,12
Houston,1970,8,0,0,0,19
Houston,1971,8,0,0,0,17
Houston,1973,15,1,0,0,9
Houston,1974,8,0,0,0,19
Houston,1976,8,4,1,0,4
Houston,1977,5,1,0,0,
Houston,1978,10,7,1,0,10
Houston,1979,15,13,4,0,5
Houston,1980,3,2,0,0,
Houston,1988,5,0,0,0,18
Houston,1989,17,1,0,0,14
Houston,1990,16,6,1,0,10
Houston,1991,4,2,0,0,
Houston,2009,11,0,0,0,
Houston,2010,1,0,0,0,
Houston,2011,10,2,0,0,18
Houston,2015,10,1,0,0,8
Houston,2016,9,5,0,0,
Houston,2018,1,0,0,0,
Houston,2021,7,0,0,0,17
Houston,2022,2,0,0,0,
Houston,2025,3,0,0,0,22
Illinois,1942,5,2,2,0,
Illinois,1944,5,2,0,0,15
Illinois,1946,7,5,3,0,5
Illinois,1947,7,3,1,0,
Illinois,1950,8,5,0,0,13
Illinois,1951,11,11,6,0,4
Illinois,1952,4,2,2,0,
Illinois,1953,8,8,3,0,7
Illinois,1954,2,2,1,0,
Illinois,1955,1,0,0,0,
Illinois,1956,2,0,0,0,
Illinois,1957,2,0,0,0,
Illinois,1959,6,0,0,0,13
Illinois,1960,4,4,4,0,
Illinois,1963,9,9,5,0,3
Illinois,1964,3,3,3,0,
Illinois,1974,2,0,0,0,
Illinois,1976,1,0,0,0,
Illinois,1982,3,0,0,0,
Illinois,1983,11,8,5,0,10
Illinois,1985,4,0,0,0,
Illinois,1989,17,6,0,0,10
Illinois,1990,16,3,2,0,25
Illinois,1991,6,0,0,0,
Illinois,1994,3,0,0,0,
Illinois,1995,1,0,0,0,
Illinois,1999,1,0,0,0,24
Illinois,2000,6,0,0,0,
Illinois,2001,9,4,0,0,7
Illinois,2007,5,0,0,0,20
Illinois,2008,5,0,0,0,
Illinois,2011,5,0,0,0,
Illinois,2022,5,0,0,0,
Illinois,2024,12,0,0,0,16
Illinois,2025,8,2,0,0,
Indiana,1937,2,0,0,0,
Indiana,1942,1,0,0,0,
Indiana,1944,4,0,0,0,
Indiana,1945,9,9,5,0,4
Indiana,1946,3,0,0,0,20
Indiana,1948,1,0,0,0,
Indiana,1950,1,0,0,0,
Indiana,1967,5,5,2,0,4
Indiana,1968,5,0,0,0,
Indiana,1969,2,1,0,0,
Indiana,1979,1,0,0,0,19
Indiana,1987,6,0,0,0,
Indiana,1988,4,0,0,0,20
Indiana,1990,2,0,0,0,
Indiana,1991,1,0,0,0,
Indiana,1993,7,0,0,0,
Indiana,1994,1,0,0,0,
Indiana,2019,1,0,0,0,
Indiana,2020,9,5,0,0,12
Indiana,2021,1,0,0,0,
Indiana,2024,12,7,2,0,10
Indiana,2025,17,12,10,2,1
Iowa,1939,5,4,0,0,9
Iowa,1940,1,0,0,0,
Iowa,1942,2,0,0,0,
Iowa,1946,2,0,0,0,
Iowa,1949,1,0,0,0,
Iowa,1950,1,0,0,0,
Iowa,1953,3,2,0,0,9
Iowa,1954,8,3,2,0,
Iowa,1955,3,0,0,0,
Iowa,1956,9,5,3,0,3
Iowa,1957,12,11,4,0,6
Iowa,1958,11,8,5,0,2
Iowa,1959,8,4,1,0,
Iowa,1960,12,10,9,3,3
Iowa,1961,7,7,6,3,
Iowa,1981,9,1,0,0,18
Iowa,1983,16,5,1,0,14
Iowa,1984,9,2,1,0,16
Iowa,1985,17,17,15,5,10
Iowa,1986,10,2,0,0,16
Iowa,1987,8,0,0,0,16
Iowa,1988,4,2,0,0,
Iowa,1989,2,0,0,0,
Iowa,1990,10,1,0,0,18
Iowa,1991,16,9,0,0,10
Iowa,1992,2,0,0,0,
Iowa,1995,4,0,0,0,25
Iowa,1996,13,0,0,0,18
Iowa,1997,13,0,0,0,
Iowa,2002,11,7,4,0,3
Iowa,2003,14,3,0,0,8
Iowa,2004,11,1,0,0,8
Iowa,2005,5,1,0,0,
Iowa,2006,7,0,0,0,
Iowa,2008,1,0,0,0,20
Iowa,2009,13,6,0,0,7
Iowa,2010,13,3,0,0,
Iowa,2015,11,8,2,0,9
Iowa,2016,5,0,0,0,
Iowa,2017,1,0,0,0,
Iowa,2018,4,0,0,0,25
Iowa,2019,17,0,0,0,15
Iowa,2020,5,0,0,0,16
Iowa,2021,16,7,5,0,23
Iowa,2023,8,0,0,0,24
Iowa,2024,2,0,0,0,
Iowa,2025,1,0,0,0,17
Iowa State,1938,1,0,0,0,
Iowa State,1972,8,0,0,0,
Iowa State,1976,3,0,0,0,19
Iowa State,1977,2,0,0,0,
Iowa State,1978,9,0,0,0,
Iowa State,1980,1,0,0,0,
Iowa State,1981,4,0,0,0,
Iowa State,2000,1,0,0,0,25
Iowa State,2002,8,1,0,0,
Iowa State,2005,3,0,0,0,
Iowa State,2017,3,0,0,0,
Iowa State,2018,5,0,0,0,
Iowa State,2019,3,0,0,0,
Iowa State,2020,13,3,0,0,9
Iowa State,2021,5,2,0,0,
Iowa State,2024,14,2,0,0,15
Iowa State,2025,7,0,0,0,
Kansas,1947,4,0,0,0,12
Kansas,1950,1,0,0,0,
Kansas,1951,1,0,0,0,
Kansas,1952,9,5,0,0,
Kansas,1960,8,5,1,0,11
Kansas,1961,2,2,0,0,
Kansas,1968,12,11,5,0,7
Kansas,1973,9,0,0,0,18
Kansas,1974,2,0,0,0,
Kansas,1975,3,0,0,0,
Kansas,1976,6,3,0,0,
Kansas,1992,8,0,0,0,22
Kansas,1995,12,5,0,0,9
Kansas,1996,5,0,0,0,
Kansas,2007,9,6,3,0,7
Kansas,2008,9,0,0,0,
Kansas,2009,8,0,0,0,
Kansas,2022,2,0,0,0,
Kansas,2023,5,0,0,0,23
Kansas,2024,2,0,0,0,
Kansas State,1969,3,0,0,0,
Kansas State,1970,3,0,0,0,
Kansas State,1993,8,0,0,0,20
Kansas State,1994,12,0,0,0,19
Kansas State,1995,15,9,0,0,7
Kansas State,1996,18,1,0,0,17
Kansas State,1997,18,5,0,0,8
Kansas State,1998,16,16,14,0,10
Kansas State,1999,17,11,1,0,6
Kansas State,2000,17,14,4,0,9
Kansas State,2001,6,0,0,0,
Kansas State,2002,13,4,0,0,6
Kansas State,2003,11,4,0,0,14
Kansas State,2004,2,0,0,0,
Kansas State,2007,2,0,0,0,
Kansas State,2011,11,1,0,0,15
Kansas State,2012,16,11,5,0,12
Kansas State,2014,17,2,0,0,18
Kansas State,2017,3,0,0,0,
Kansas State,2019,3,0,0,0,
Kansas State,2020,3,0,0,0,
Kansas State,2021,1,0,0,0,
Kansas State,2022,12,0,0,0,14
Kansas State,2023,7,0,0,0,18
Kansas State,2024,12,0,0,0,
Kansas State,2025,1,0,0,0,
Kent State,1973,1,0,0,0,
Kent State,2012,4,0,0,0,
Kentucky,1939,2,0,0,0,
Kentucky,1946,1,0,0,0,
Kentucky,1947,3,0,0,0,
Kentucky,1949,9,2,0,0,11
Kentucky,1950,10,9,7,0,7
Kentucky,1951,9,3,0,0,15
Kentucky,1952,2,0,0,0,20
Kentucky,1953,7,0,0,0,16
Kentucky,1954,1,0,0,0,
Kentucky,1955,3,0,0,0,
Kentucky,1957,1,0,0,0,
Kentucky,1958,1,0,0,0,
Kentucky,1964,1,1,1,0,
Kentucky,1965,4,4,0,0,
Kentucky,1976,1,0,0,0,18
Kentucky,1977,10,8,0,0,6
Kentucky,1978,2,0,0,0,
Kentucky,1984,3,0,0,0,19
Kentucky,2007,8,2,0,0,
Kentucky,2018,12,0,0,0,12
Kentucky,2020,2,0,0,0,
Kentucky,2021,8,0,0,0,18
Kentucky,2022,9,3,0,0,
Kentucky,2023,2,0,0,0,
Liberty,2020,7,0,0,0,17
Liberty,2022,2,0,0,0,
Liberty,2023,6,0,0,0,25
Louisiana,1943,2,0,0,0,
Louisiana,2020,11,0,0,0,15
Louisiana,2021,8,0,0,0,16
Louisiana Tech,1999,1,0,0,0,
Louisiana Tech,2012,5,0,0,0,
Louisville,1972,4,0,0,0,18
Louisville,1990,7,0,0,0,14
Louisville,1993,10,0,0,0,24
Louisville,2000,2,0,0,0,
Louisville,2001,6,0,0,0,23
Louisville,2002,2,0,0,0,
Louisville,2004,13,4,0,0,6
Louisville,2005,13,1,0,0,19
Louisville,2006,15,12,2,0,6
Louisville,2007,4,3,0,0,
Louisville,2012,15,0,0,0,13
Louisville,2013,17,8,0,0,15
Louisville,2014,6,0,0,0,24
Louisville,2016,16,10,6,0,21
Louisville,2017,6,0,0,0,
Louisville,2020,2,0,0,0,
Louisville,2023,11,2,0,0,19
Louisville,2024,7,0,0,0,
Louisville,2025,4,0,0,0,
LSU,1936,7,6,3,0,2
LSU,1937,7,4,0,0,8
LSU,1939,1,0,0,0,
LSU,1942,1,0,0,0,
LSU,1943,2,0,0,0,
LSU,1945,5,0,0,0,15
LSU,1946,7,3,0,0,8
LSU,1947,2,0,0,0,
LSU,1949,6,1,0,0,9
LSU,1953,3,0,0,0,
LSU,1955,1,0,0,0,
LSU,1957,2,1,0,0,
LSU,1958,11,8,7,6,1
LSU,1959,13,13,13,8,3
LSU,1960,1,0,0,0,
LSU,1961,9,9,6,0,4
LSU,1962,11,11,4,0,7
LSU,1964,8,8,0,0,7
LSU,1965,6,6,2,0,8
LSU,1968,10,2,0,0,19
LSU,1969,12,8,0,0,10
LSU,1970,13,7,1,0,7
LSU,1971,14,3,0,0,11
LSU,1972,15,12,0,0,11
LSU,1973,15,10,0,0,13
LSU,1974,4,3,0,0,
LSU,1976,5,0,0,0,
LSU,1977,3,0,0,0,
LSU,1978,11,2,0,0,
LSU,1979,3,0,0,0,
LSU,1982,11,2,0,0,11
LSU,1983,3,0,0,0,
LSU,1984,11,3,0,0,15
LSU,1985,17,3,0,0,20
LSU,1986,15,5,2,0,10
LSU,1987,16,16,6,0,5
LSU,1988,16,2,0,0,19
LSU,1989,3,1,0,0,
LSU,1995,3,0,0,0,
LSU,1996,18,0,0,0,12
LSU,1997,18,6,0,0,13
LSU,1998,7,5,0,0,
LSU,2000,2,0,0,0,22
LSU,2001,8,0,0,0,12
LSU,2002,15,1,0,0,
LSU,2003,16,12,6,0,2
LSU,2004,15,3,2,0,16
LSU,2005,15,14,9,0,6
LSU,2006,15,10,2,0,3
LSU,2007,15,15,15,5,1
LSU,2008,13,7,3,0,
LSU,2009,16,10,2,0,17
LSU,2010,16,6,2,0,8
LSU,2011,16,16,16,11,2
LSU,2012,16,15,7,0,14
LSU,2013,17,8,0,0,14
LSU,2014,12,2,0,0,
LSU,2015,15,8,3,0,16
LSU,2016,13,1,1,0,13
LSU,2017,13,0,0,0,18
LSU,2018,16,10,5,0,6
LSU,2019,17,17,15,8,1
LSU,2020,5,3,0,0,
LSU,2021,1,0,0,0,
LSU,2022,9,3,0,0,16
LSU,2023,16,1,1,0,12
LSU,2024,12,2,0,0,
LSU,2025,9,6,4,0,
Marshall,1999,13,1,0,0,10
Marshall,2001,3,0,0,0,
Marshall,2002,4,0,0,0,
Marshall,2014,8,0,0,0,23
Marshall,2020,8,0,0,0,
Maryland,1949,3,0,0,0,14
Maryland,1950,5,2,0,0,
Maryland,1951,11,10,7,0,3
Maryland,1952,11,9,8,0,13
Maryland,1953,11,11,10,2,1
Maryland,1954,8,5,2,0,8
Maryland,1955,12,12,12,4,3
Maryland,1956,1,1,0,0,
Maryland,1961,1,1,0,0,
Maryland,1973,3,0,0,0,20
Maryland,1974,12,1,0,0,13
Maryland,1975,11,0,0,0,13
Maryland,1976,14,13,4,0,8
Maryland,1977,2,1,0,0,
Maryland,1978,14,4,2,0,20
Maryland,1980,1,0,0,0,
Maryland,1982,7,0,0,0,20
Maryland,1983,14,1,0,0,
Maryland,1984,4,0,0,0,12
Maryland,1985,7,2,0,0,18
Maryland,1986,1,0,0,0,
Maryland,1995,2,0,0,0,
Maryland,2001,10,6,0,0,6
Maryland,2002,7,0,0,0,20
Maryland,2003,3,0,0,0,17
Maryland,2004,6,0,0,0,
Maryland,2006,2,0,0,0,
Maryland,2008,3,0,0,0,
Maryland,2010,1,0,0,0,23
Maryland,2013,1,0,0,0,
Maryland,2019,1,0,0,0,
Memphis,2004,1,0,0,0,
Memphis,2014,1,0,0,0,25
Memphis,2015,4,0,0,0,
Memphis,2017,9,0,0,0,25
Memphis,2019,9,0,0,0,17
Memphis,2020,3,0,0,0,
Memphis,2024,3,0,0,0,24
Memphis,2025,4,0,0,0,
Miami (FL),1950,7,2,0,0,15
Miami (FL),1951,1,0,0,0,
Miami (FL),1954,7,2,0,0,11
Miami (FL),1955,6,1,0,0,14
Miami (FL),1956,11,6,0,0,6
Miami (FL),1957,1,0,0,0,
Miami (FL),1958,2,0,0,0,
Miami (FL),1959,2,0,0,0,
Miami (FL),1962,1,1,0,0,
Miami (FL),1966,2,2,0,0,9
Miami (FL),1967,2,2,1,0,
Miami (FL),1968,6,1,0,0,
Miami (FL),1973,4,0,0,0,
Miami (FL),1974,2,0,0,0,
Miami (FL),1980,6,0,0,0,18
Miami (FL),1981,12,3,0,0,8
Miami (FL),1982,9,0,0,0,
Miami (FL),1983,12,10,6,1,1
Miami (FL),1984,16,9,3,1,18
Miami (FL),1985,9,7,4,0,9
Miami (FL),1986,15,15,15,10,2
Miami (FL),1987,16,16,13,1,1
Miami (FL),1988,17,17,15,6,2
Miami (FL),1989,17,17,13,1,1
Miami (FL),1990,16,16,10,2,3
Miami (FL),1991,16,16,16,4,1
Miami (FL),1992,17,17,17,12,3
Miami (FL),1993,17,16,11,0,15
Miami (FL),1994,17,15,8,0,6
Miami (FL),1995,10,0,0,0,20
Miami (FL),1996,18,5,0,0,14
Miami (FL),1997,5,0,0,0,
Miami (FL),1998,7,0,0,0,20
Miami (FL),1999,15,4,0,0,15
Miami (FL),2000,17,15,13,0,2
Miami (FL),2001,14,14,14,11,1
Miami (FL),2002,17,17,17,16,1
Miami (FL),2003,16,14,11,0,5
Miami (FL),2004,15,11,8,0,11
Miami (FL),2005,15,11,3,0,17
Miami (FL),2006,3,0,0,0,
Miami (FL),2008,1,0,0,0,
Miami (FL),2009,15,3,0,0,19
Miami (FL),2010,9,0,0,0,
Miami (FL),2013,10,3,0,0,
Miami (FL),2016,7,1,0,0,20
Miami (FL),2017,16,7,2,0,13
Miami (FL),2018,7,1,0,0,
Miami (FL),2020,15,6,0,0,22
Miami (FL),2021,3,0,0,0,
Miami (FL),2022,4,0,0,0,
Miami (FL),2023,5,0,0,0,
Miami (FL),2024,17,10,2,0,18
Miami (FL),2025,17,12,8,0,2
Miami (OH),1955,6,0,0,0,15
Miami (OH),1973,10,0,0,0,15
Miami (OH),1974,10,1,0,0,10
Miami (OH),1975,9,0,0,0,12
Miami (OH),1976,1,0,0,0,
Miami (OH),2003,5,1,0,0,10
Michigan,1938,8,0,0,0,16
Michigan,1939,6,4,2,0,20
Michigan,1940,8,8,6,0,3
Michigan,1941,8,8,3,0,5
Michigan,1942,8,6,3,0,9
Michigan,1943,9,9,5,0,3
Michigan,1944,8,6,1,0,8
Michigan,1945,9,6,0,0,6
Michigan,1946,9,7,2,0,6
Michigan,1947,10,10,10,3,2
Michigan,1948,9,9,8,6,1
Michigan,1949,9,8,4,1,7
Michigan,1950,5,2,1,0,9
Michigan,1951,2,0,0,0,
Michigan,1952,4,0,0,0,
Michigan,1953,7,4,4,0,20
Michigan,1954,4,0,0,0,15
Michigan,1955,12,10,8,2,12
Michigan,1956,12,9,2,0,7
Michigan,1957,10,4,0,0,
Michigan,1958,3,0,0,0,
Michigan,1961,2,2,0,0,
Michigan,1964,7,7,3,0,4
Michigan,1965,3,3,2,0,
Michigan,1966,2,2,0,0,
Michigan,1968,9,4,2,0,12
Michigan,1969,11,4,0,0,9
Michigan,1970,15,15,5,0,9
Michigan,1971,15,15,14,0,6
Michigan,1972,15,13,7,0,6
Michigan,1973,15,15,14,0,6
Michigan,1974,15,15,12,0,3
Michigan,1975,15,14,6,0,8
Michigan,1976,14,14,14,8,3
Michigan,1977,14,14,10,4,9
Michigan,1978,15,15,8,0,5
Michigan,1979,15,5,0,0,18
Michigan,1980,12,5,2,0,4
Michigan,1981,15,7,3,2,12
Michigan,1982,11,1,0,0,
Michigan,1983,16,11,0,0,8
Michigan,1984,6,1,1,0,
Michigan,1985,14,12,8,0,2
Michigan,1986,15,15,13,0,8
Michigan,1987,8,2,0,0,19
Michigan,1988,17,3,1,0,4
Michigan,1989,17,17,15,1,7
Michigan,1990,16,9,4,1,7
Michigan,1991,16,16,14,0,6
Michigan,1992,17,17,10,0,5
Michigan,1993,14,7,3,0,21
Michigan,1994,17,9,5,0,12
Michigan,1995,17,6,0,0,17
Michigan,1996,18,6,0,0,20
Michigan,1997,18,14,10,6,1
Michigan,1998,11,1,1,0,12
Michigan,1999,17,14,4,0,5
Michigan,2000,17,7,2,0,11
Michigan,2001,14,2,0,0,17
Michigan,2002,17,3,0,0,12
Michigan,2003,16,11,8,0,6
Michigan,2004,15,5,0,0,14
Michigan,2005,11,2,2,0,
Michigan,2006,15,13,8,0,8
Michigan,2007,7,1,1,0,18
Michigan,2009,3,0,0,0,
Michigan,2010,4,0,0,0,
Michigan,2011,13,0,0,0,12
Michigan,2012,12,1,0,0,24
Michigan,2013,9,0,0,0,
Michigan,2015,12,0,0,0,12
Michigan,2016,16,16,13,0,10
Michigan,2017,10,5,0,0,
Michigan,2018,16,8,5,0,14
Michigan,2019,17,4,0,0,18
Michigan,2020,7,0,0,0,
Michigan,2021,14,11,3,0,3
Michigan,2022,16,16,15,0,3
Michigan,2023,16,16,16,2,1
Michigan,2024,8,3,0,0,
Michigan,2025,16,0,0,0,21
Michigan State,1948,7,0,0,0,14
Michigan State,1949,8,2,0,0,19
Michigan State,1950,9,4,1,0,8
Michigan State,1951,11,11,11,3,2
Michigan State,1952,11,11,11,10,1
Michigan State,1953,11,11,10,0,3
Michigan State,1954,3,2,0,0,
Michigan State,1955,8,7,6,0,2
Michigan State,1956,12,12,9,1,9
Michigan State,1957,12,12,10,2,3
Michigan State,1958,6,5,4,0,
Michigan State,1959,3,0,0,0,
Michigan State,1960,11,3,0,0,15
Michigan State,1961,12,12,4,3,8
Michigan State,1962,4,4,1,0,
Michigan State,1963,6,6,3,0,9
Michigan State,1964,1,1,0,0,
Michigan State,1965,11,11,10,6,2
Michigan State,1966,13,13,13,4,2
Michigan State,1967,2,2,2,0,
Michigan State,1968,4,0,0,0,
Michigan State,1969,4,0,0,0,
Michigan State,1971,2,0,0,0,
Michigan State,1972,1,0,0,0,
Michigan State,1974,5,0,0,0,12
Michigan State,1975,5,0,0,0,
Michigan State,1978,7,0,0,0,12
Michigan State,1979,6,4,0,0,
Michigan State,1986,4,0,0,0,
Michigan State,1987,12,4,0,0,8
Michigan State,1988,3,0,0,0,
Michigan State,1989,7,0,0,0,16
Michigan State,1990,13,0,0,0,16
Michigan State,1991,3,0,0,0,
Michigan State,1993,5,0,0,0,
Michigan State,1997,13,0,0,0,
Michigan State,1998,1,0,0,0,
Michigan State,1999,13,4,1,0,7
Michigan State,2000,6,0,0,0,
Michigan State,2001,2,0,0,0,
Michigan State,2002,4,0,0,0,
Michigan State,2003,7,1,0,0,
Michigan State,2005,5,0,0,0,
Michigan State,2008,9,0,0,0,24
Michigan State,2010,13,5,1,0,14
Michigan State,2011,13,1,0,0,11
Michigan State,2012,5,1,0,0,
Michigan State,2013,8,3,2,0,3
Michigan State,2014,17,14,1,0,5
Michigan State,2015,16,15,8,0,6
Michigan State,2016,5,1,0,0,
Michigan State,2017,10,0,0,0,15
Michigan State,2018,8,0,0,0,
Michigan State,2019,5,0,0,0,
Michigan State,2021,13,7,1,0,9
Michigan State,2022,3,0,0,0,
Minnesota,1936,7,7,7,4,1
Minnesota,1937,7,6,4,0,5
Minnesota,1938,7,5,2,0,10
Minnesota,1939,1,0,0,0,
Minnesota,1940,8,8,6,4,1
Minnesota,1941,8,8,8,7,1
Minnesota,1942,8,3,0,0,19
Minnesota,1943,3,1,0,0,
Minnesota,1945,5,3,3,0,
Minnesota,1947,4,0,0,0,
Minnesota,1948,9,1,0,0,16
Minnesota,1949,8,8,3,0,8
Minnesota,1950,1,0,0,0,
Minnesota,1953,3,0,0,0,
Minnesota,1954,7,2,0,0,
Minnesota,1956,7,4,0,0,12
Minnesota,1957,6,5,4,0,
Minnesota,1960,10,8,5,3,1
Minnesota,1961,5,5,3,0,6
Minnesota,1962,5,5,1,0,10
Minnesota,1968,3,0,0,0,
Minnesota,1969,1,0,0,0,
Minnesota,1977,1,0,0,0,
Minnesota,1982,1,0,0,0,
Minnesota,1985,1,0,0,0,
Minnesota,1999,8,0,0,0,18
Minnesota,2000,1,0,0,0,
Minnesota,2002,2,0,0,0,
Minnesota,2003,9,0,0,0,20
Minnesota,2004,8,0,0,0,
Minnesota,2005,2,0,0,0,
Minnesota,2008,2,0,0,0,
Minnesota,2014,1,0,0,0,
Minnesota,2019,10,3,0,0,10
Minnesota,2020,4,0,0,0,
Minnesota,2022,1,0,0,0,
Mississippi State,1940,6,1,0,0,9
Mississippi State,1941,5,0,0,0,16
Mississippi State,1942,3,0,0,0,18
Mississippi State,1944,4,0,0,0,
Mississippi State,1945,6,0,0,0,
Mississippi State,1946,1,0,0,0,
Mississippi State,1953,3,0,0,0,
Mississippi State,1955,2,0,0,0,
Mississippi State,1957,5,0,0,0,14
Mississippi State,1958,5,0,0,0,
Mississippi State,1965,2,2,0,0,
Mississippi State,1974,2,0,0,0,17
Mississippi State,1976,5,0,0,0,20
Mississippi State,1977,4,0,0,0,
Mississippi State,1980,7,0,0,0,19
Mississippi State,1981,10,3,0,0,
Mississippi State,1986,4,0,0,0,
Mississippi State,1989,1,0,0,0,
Mississippi State,1991,3,0,0,0,
Mississippi State,1992,16,0,0,0,23
Mississippi State,1993,2,0,0,0,
Mississippi State,1994,7,0,0,0,24
Mississippi State,1997,4,0,0,0,
Mississippi State,1998,5,0,0,0,
Mississippi State,1999,13,3,0,0,13
Mississippi State,2000,10,0,0,0,24
Mississippi State,2001,4,0,0,0,
Mississippi State,2010,9,0,0,0,15
Mississippi State,2011,3,0,0,0,
Mississippi State,2012,9,0,0,0,
Mississippi State,2014,13,10,8,5,11
Mississippi State,2015,6,0,0,0,
Mississippi State,2017,9,0,0,0,19
Mississippi State,2018,13,0,0,0,
Mississippi State,2020,1,0,0,0,
Mississippi State,2022,6,0,0,0,20
Mississippi State,2023,1,1,0,0,9
Missouri,1939,5,4,0,0,6
Missouri,1941,6,3,0,0,7
Missouri,1945,2,0,0,0,
Missouri,1947,1,0,0,0,
Missouri,1948,5,3,0,0,
Missouri,1949,4,0,0,0,20
Missouri,1950,1,0,0,0,
Missouri,1957,1,0,0,0,
Missouri,1959,3,0,0,0,18
Missouri,1960,11,8,7,1,5
Missouri,1961,4,3,0,0,11
Missouri,1962,3,3,0,0,
Missouri,1965,6,6,0,0,6
Missouri,1968,9,4,0,0,9
Missouri,1969,14,12,1,0,6
Missouri,1970,7,2,0,0,
Missouri,1972,4,0,0,0,
Missouri,1973,12,3,0,0,17
Missouri,1974,1,0,0,0,
Missouri,1975,11,5,4,0,
Missouri,1976,9,4,0,0,
Missouri,1978,10,0,0,0,15
Missouri,1979,6,2,1,0,
Missouri,1980,9,1,0,0,
Missouri,1981,4,1,0,0,19
Missouri,1983,1,0,0,0,
Missouri,1997,6,0,0,0,23
Missouri,1998,15,0,0,0,21
Missouri,2003,5,0,0,0,
Missouri,2004,2,0,0,0,
Missouri,2006,5,0,0,0,
Missouri,2007,12,6,3,1,4
Missouri,2008,16,7,3,0,19
Missouri,2009,2,0,0,0,
Missouri,2010,11,1,0,0,18
Missouri,2011,2,0,0,0,
Missouri,2013,11,9,4,0,5
Missouri,2014,11,0,0,0,14
Missouri,2015,4,0,0,0,
Missouri,2018,1,0,0,0,
Missouri,2019,1,0,0,0,
Missouri,2023,11,4,0,0,8
Missouri,2024,15,4,0,0,22
Missouri,2025,12,0,0,0,
Navy,1936,1,0,0,0,18
Navy,1940,1,0,0,0,
Navy,1941,8,4,1,0,10
Navy,1943,9,9,7,0,4
Navy,1944,9,8,5,0,4
Navy,1945,9,9,9,0,3
Navy,1949,1,0,0,0,
Navy,1952,2,0,0,0,
Navy,1953,4,1,0,0,
Navy,1954,8,5,1,0,5
Navy,1955,12,6,2,0,18
Navy,1956,6,0,0,0,16
Navy,1957,11,7,2,0,5
Navy,1958,7,2,0,0,
Navy,1959,2,0,0,0,
Navy,1960,10,9,5,0,4
Navy,1963,13,13,9,0,2
Navy,1964,2,2,0,0,
Navy,1978,4,0,0,0,
Navy,1979,2,0,0,0,
Navy,2004,1,0,0,0,24
Navy,2015,6,0,0,0,18
Navy,2016,4,0,0,0,
Navy,2017,1,0,0,0,
Navy,2019,6,0,0,0,20
Navy,2024,2,0,0,0,
Navy,2025,3,0,0,0,23
Nebraska,1936,7,4,0,0,9
Nebraska,1937,7,2,0,0,11
Nebraska,1939,6,2,0,0,18
Nebraska,1940,7,3,0,0,7
Nebraska,1941,1,0,0,0,
Nebraska,1950,4,0,0,0,17
Nebraska,1951,1,0,0,0,
Nebraska,1954,1,0,0,0,
Nebraska,1960,1,0,0,0,
Nebraska,1963,5,5,0,0,6
Nebraska,1964,9,9,5,0,6
Nebraska,1965,13,13,13,1,5
Nebraska,1966,13,13,5,0,6
Nebraska,1967,4,4,0,0,
Nebraska,1968,6,3,0,0,
Nebraska,1969,8,0,0,0,11
Nebraska,1970,15,15,10,1,1
Nebraska,1971,15,15,15,14,1
Nebraska,1972,15,15,8,1,4
Nebraska,1973,15,10,6,0,7
Nebraska,1974,15,14,2,0,9
Nebraska,1975,15,15,9,0,9
Nebraska,1976,14,12,4,1,9
Nebraska,1977,13,2,0,0,12
Nebraska,1978,15,12,5,0,8
Nebraska,1979,15,15,8,0,9
Nebraska,1980,16,16,5,0,7
Nebraska,1981,13,6,3,0,11
Nebraska,1982,16,16,11,0,3
Nebraska,1983,16,16,16,15,2
Nebraska,1984,16,16,13,4,4
Nebraska,1985,17,12,5,0,11
Nebraska,1986,15,15,7,0,5
Nebraska,1987,16,16,15,1,6
Nebraska,1988,17,16,5,0,10
Nebraska,1989,17,16,10,0,11
Nebraska,1990,16,11,3,0,24
Nebraska,1991,16,4,0,0,15
Nebraska,1992,17,4,0,0,14
Nebraska,1993,17,17,7,0,3
Nebraska,1994,17,17,17,8,1
Nebraska,1995,17,17,17,7,1
Nebraska,1996,18,18,14,5,6
Nebraska,1997,18,18,13,3,2
Nebraska,1998,16,9,6,0,19
Nebraska,1999,17,17,11,0,3
Nebraska,2000,17,17,12,9,8
Nebraska,2001,14,14,13,0,4
Nebraska,2002,6,4,0,0,
Nebraska,2003,15,1,0,0,19
Nebraska,2005,1,0,0,0,24
Nebraska,2006,12,0,0,0,
Nebraska,2007,6,0,0,0,
Nebraska,2009,10,0,0,0,14
Nebraska,2010,16,10,1,0,20
Nebraska,2011,16,5,0,0,24
Nebraska,2012,12,0,0,0,25
Nebraska,2013,4,0,0,0,
Nebraska,2014,14,0,0,0,
Nebraska,2016,12,4,0,0,
Nebraska,2019,2,0,0,0,
Nebraska,2024,2,0,0,0,
Nebraska,2025,1,0,0,0,
Nevada,1948,6,1,0,0,
Nevada,2010,10,0,0,0,11
New Mexico State,1960,6,0,0,0,17
North Carolina,1937,4,0,0,0,19
North Carolina,1938,1,0,0,0,
North Carolina,1939,7,3,0,0,
North Carolina,1942,1,0,0,0,
North Carolina,1946,8,3,0,0,9
North Carolina,1947,7,3,0,0,9
North Carolina,1948,9,9,8,1,3
North Carolina,1949,6,3,0,0,16
North Carolina,1950,2,0,0,0,
North Carolina,1957,2,0,0,0,
North Carolina,1958,5,1,0,0,
North Carolina,1959,1,0,0,0,
North Carolina,1970,2,0,0,0,
North Carolina,1971,4,0,0,0,
North Carolina,1972,6,0,0,0,12
North Carolina,1973,2,0,0,0,
North Carolina,1976,6,0,0,0,
North Carolina,1977,5,0,0,0,17
North Carolina,1978,1,0,0,0,
North Carolina,1979,6,0,0,0,15
North Carolina,1980,16,6,0,0,10
North Carolina,1981,15,10,3,0,9
North Carolina,1982,11,4,2,0,18
North Carolina,1983,11,9,6,0,
North Carolina,1986,1,0,0,0,
North Carolina,1991,1,0,0,0,
North Carolina,1992,8,0,0,0,19
North Carolina,1993,17,0,0,0,19
North Carolina,1994,14,0,0,0,
North Carolina,1995,2,0,0,0,
North Carolina,1996,16,5,0,0,10
North Carolina,1997,18,18,7,0,6
North Carolina,1998,1,0,0,0,
North Carolina,2001,2,0,0,0,
North Carolina,2008,6,0,0,0,
North Carolina,2009,5,0,0,0,
North Carolina,2010,1,0,0,0,
North Carolina,2014,2,0,0,0,
North Carolina,2015,7,2,0,0,15
North Carolina,2016,6,0,0,0,
North Carolina,2020,12,2,1,0,18
North Carolina,2021,4,1,0,0,
North Carolina,2022,7,0,0,0,
North Carolina,2023,11,1,0,0,
North Carolina State,1946,4,0,0,0,18
North Carolina State,1947,3,0,0,0,17
North Carolina State,1956,1,0,0,0,
North Carolina State,1957,10,2,0,0,15
North Carolina State,1967,6,6,4,0,
North Carolina State,1972,1,0,0,0,17
North Carolina State,1973,9,0,0,0,16
North Carolina State,1974,13,2,0,0,11
North Carolina State,1975,2,0,0,0,
North Carolina State,1978,2,0,0,0,18
North Carolina State,1979,6,0,0,0,
North Carolina State,1986,7,0,0,0,
North Carolina State,1989,11,0,0,0,
North Carolina State,1991,11,0,0,0,24
North Carolina State,1992,16,0,0,0,17
North Carolina State,1993,7,0,0,0,
North Carolina State,1994,8,0,0,0,17
North Carolina State,1995,1,0,0,0,
North Carolina State,1998,2,0,0,0,
North Carolina State,1999,4,0,0,0,
North Carolina State,2000,2,0,0,0,
North Carolina State,2002,15,1,0,0,17
North Carolina State,2003,3,0,0,0,
North Carolina State,2010,4,0,0,0,25
North Carolina State,2017,7,0,0,0,23
North Carolina State,2018,5,0,0,0,
North Carolina State,2020,2,0,0,0,
North Carolina State,2021,10,0,0,0,20
North Carolina State,2022,12,1,0,0,
North Carolina State,2023,3,0,0,0,21
North Carolina State,2024,2,0,0,0,
North Texas,1959,2,0,0,0,
North Texas,2025,5,0,0,0,24
Northern Illinois,2003,8,0,0,0,
Northern Illinois,2010,1,0,0,0,
Northern Illinois,2012,4,0,0,0,22
Northern Illinois,2013,10,0,0,0,
Northern Illinois,2024,2,0,0,0,
Northwestern,1936,7,7,5,3,7
Northwestern,1937,2,1,0,0,
Northwestern,1938,8,1,0,0,17
Northwestern,1940,8,8,1,0,8
Northwestern,1941,8,6,1,0,11
Northwestern,1943,8,4,0,0,9
Northwestern,1945,1,0,0,0,
Northwestern,1946,5,4,0,0,
Northwestern,1948,9,9,2,0,7
Northwestern,1949,2,0,0,0,
Northwestern,1950,2,1,0,0,
Northwestern,1951,2,0,0,0,
Northwestern,1953,1,0,0,0,
Northwestern,1958,6,2,1,0,
Northwestern,1959,10,10,6,0,
Northwestern,1960,3,1,0,0,
Northwestern,1962,5,5,3,2,
Northwestern,1963,5,5,1,0,
Northwestern,1970,4,0,0,0,
Northwestern,1971,2,0,0,0,
Northwestern,1995,12,8,5,0,8
Northwestern,1996,16,1,0,0,15
Northwestern,1997,2,0,0,0,
Northwestern,2000,10,0,0,0,
Northwestern,2001,5,0,0,0,
Northwestern,2005,2,0,0,0,
Northwestern,2008,2,0,0,0,
Northwestern,2012,4,0,0,0,17
Northwestern,2013,7,0,0,0,
Northwestern,2015,11,0,0,0,23
Northwestern,2017,4,0,0,0,17
Northwestern,2018,4,0,0,0,21
Northwestern,2020,7,1,0,0,10
Notre Dame,1936,5,3,0,0,8
Notre Dame,1937,5,2,0,0,9
Notre Dame,1938,8,8,7,3,5
Notre Dame,1939,9,6,4,0,13
Notre Dame,1940,6,5,2,0,
Notre Dame,1941,8,8,4,0,3
Notre Dame,1942,7,7,3,0,6
Notre Dame,1943,9,9,9,9,1
Notre Dame,1944,9,7,5,3,9
Notre Dame,1945,9,9,7,0,9
Notre Dame,1946,9,9,9,1,1
Notre Dame,1947,10,10,10,7,1
Notre Dame,1948,9,9,9,2,2
Notre Dame,1949,9,9,9,8,1
Notre Dame,1950,4,3,2,2,
Notre Dame,1951,6,2,2,0,
Notre Dame,1952,10,7,1,0,3
Notre Dame,1953,11,11,11,9,2
Notre Dame,1954,12,12,8,2,4
Notre Dame,1955,12,10,6,0,9
Notre Dame,1956,4,1,1,0,
Notre Dame,1957,10,5,1,0,10
Notre Dame,1958,10,4,3,0,17
Notre Dame,1959,4,1,0,0,17
Notre Dame,1960,2,0,0,0,
Notre Dame,1961,3,3,0,0,
Notre Dame,1964,10,10,8,4,3
Notre Dame,1965,13,13,6,1,9
Notre Dame,1966,13,13,11,8,1
Notre Dame,1967,10,10,5,3,5
Notre Dame,1968,14,12,7,0,5
Notre Dame,1969,13,9,1,0,5
Notre Dame,1970,15,15,10,1,2
Notre Dame,1971,15,10,4,1,13
Notre Dame,1972,15,6,0,0,14
Notre Dame,1973,15,15,7,1,1
Notre Dame,1974,15,15,7,1,6
Notre Dame,1975,11,6,0,0,
Notre Dame,1976,12,0,0,0,12
Notre Dame,1977,14,9,8,1,1
Notre Dame,1978,12,6,1,0,7
Notre Dame,1979,10,6,1,0,
Notre Dame,1980,16,15,7,1,9
Notre Dame,1981,4,3,3,1,
Notre Dame,1982,10,3,0,0,
Notre Dame,1983,6,3,2,0,
Notre Dame,1984,6,2,0,0,
Notre Dame,1985,3,0,0,0,
Notre Dame,1986,1,0,0,0,
Notre Dame,1987,16,10,2,0,17
Notre Dame,1988,17,14,12,7,1
Notre Dame,1989,17,17,17,12,2
Notre Dame,1990,16,16,11,6,6
Notre Dame,1991,16,10,4,0,13
Notre Dame,1992,17,15,7,0,4
Notre Dame,1993,17,16,14,1,2
Notre Dame,1994,8,7,3,0,
Notre Dame,1995,17,8,0,0,11
Notre Dame,1996,18,9,1,0,19
Notre Dame,1997,4,0,0,0,
Notre Dame,1998,16,3,0,0,22
Notre Dame,1999,5,0,0,0,
Notre Dame,2000,14,1,0,0,15
Notre Dame,2001,3,0,0,0,
Notre Dame,2002,15,10,1,0,11
Notre Dame,2003,3,0,0,0,
Notre Dame,2004,2,0,0,0,
Notre Dame,2005,14,10,0,0,9
Notre Dame,2006,15,8,3,0,17
Notre Dame,2009,5,0,0,0,
Notre Dame,2011,3,0,0,0,
Notre Dame,2012,15,12,9,3,4
Notre Dame,2013,9,0,0,0,20
Notre Dame,2014,12,8,1,0,
Notre Dame,2015,16,11,2,0,11
Notre Dame,2016,3,1,0,0,
Notre Dame,2017,13,5,2,0,11
Notre Dame,2018,16,15,10,0,5
Notre Dame,2019,17,9,0,0,12
Notre Dame,2020,16,16,13,0,5
Notre Dame,2021,16,10,2,0,8
Notre Dame,2022,8,2,1,0,18
Notre Dame,2023,16,4,0,0,14
Notre Dame,2024,17,10,5,0,2
Notre Dame,2025,17,10,0,0,10
Ohio,1968,7,0,0,0,20
Ohio,2012,2,0,0,0,
Ohio State,1936,1,0,0,0,
Ohio State,1937,5,2,0,0,13
Ohio State,1938,1,0,0,0,
Ohio State,1939,9,5,1,0,15
Ohio State,1940,1,0,0,0,
Ohio State,1941,7,1,0,0,13
Ohio State,1942,8,8,6,4,1
Ohio State,1943,1,0,0,0,
Ohio State,1944,9,9,8,0,2
Ohio State,1945,9,6,2,0,12
Ohio State,1946,3,0,0,0,
Ohio State,1948,3,0,0,0,
Ohio State,1949,8,3,1,0,6
Ohio State,1950,9,6,3,1,14
Ohio State,1951,5,3,1,0,
Ohio State,1952,5,0,0,0,17
Ohio State,1953,5,3,1,0,
Ohio State,1954,11,9,8,4,1
Ohio State,1955,10,7,2,0,5
Ohio State,1956,12,9,4,0,15
Ohio State,1957,8,6,3,0,2
Ohio State,1958,12,9,7,2,8
Ohio State,1959,4,1,0,0,
Ohio State,1960,12,10,4,0,8
Ohio State,1961,12,12,8,0,2
Ohio State,1962,5,5,3,2,
Ohio State,1963,5,5,1,0,
Ohio State,1964,11,11,7,2,9
Ohio State,1965,1,1,0,0,
Ohio State,1968,14,12,10,3,1
Ohio State,1969,14,14,14,10,4
Ohio State,1970,15,15,15,7,5
Ohio State,1971,10,4,1,0,
Ohio State,1972,15,15,12,0,9
Ohio State,1973,15,15,15,8,2
Ohio State,1974,15,15,15,7,4
Ohio State,1975,15,15,15,9,4
Ohio State,1976,14,12,3,0,6
Ohio State,1977,14,13,9,0,11
Ohio State,1978,10,2,0,0,
Ohio State,1979,14,11,8,1,4
Ohio State,1980,16,12,6,2,15
Ohio State,1981,10,3,0,0,15
Ohio State,1982,8,0,0,0,12
Ohio State,1983,16,10,1,0,9
Ohio State,1984,16,12,3,0,13
Ohio State,1985,17,10,4,0,14
Ohio State,1986,9,5,0,0,7
Ohio State,1987,9,6,3,0,
Ohio State,1988,1,0,0,0,
Ohio State,1989,8,0,0,0,24
Ohio State,1990,10,0,0,0,
Ohio State,1991,15,0,0,0,
Ohio State,1992,14,0,0,0,18
Ohio State,1993,17,9,6,0,11
Ohio State,1994,14,0,0,0,14
Ohio State,1995,17,16,10,0,6
Ohio State,1996,18,18,12,0,2
Ohio State,1997,18,16,2,0,12
Ohio State,1998,16,16,14,10,2
Ohio State,1999,12,1,0,0,
Ohio State,2000,16,2,0,0,
Ohio State,2001,8,0,0,0,22
Ohio State,2002,17,16,10,0,2
Ohio State,2003,16,16,10,0,4
Ohio State,2004,9,5,0,0,20
Ohio State,2005,15,11,2,0,4
Ohio State,2006,15,15,15,14,2
Ohio State,2007,15,13,9,4,5
Ohio State,2008,16,9,3,0,9
Ohio State,2009,16,11,1,0,5
Ohio State,2010,16,15,8,1,5
Ohio State,2011,3,0,0,0,
Ohio State,2012,16,10,5,0,3
Ohio State,2013,17,16,15,0,12
Ohio State,2014,17,8,3,1,1
Ohio State,2015,16,16,13,10,4
Ohio State,2016,16,16,11,0,6
Ohio State,2017,16,14,5,0,5
Ohio State,2018,16,15,10,0,3
Ohio State,2019,17,17,15,0,3
Ohio State,2020,14,14,11,0,2
Ohio State,2021,16,15,6,0,6
Ohio State,2022,16,16,16,0,4
Ohio State,2023,16,16,11,0,10
Ohio State,2024,17,17,15,1,1
Ohio State,2025,17,17,17,14,5
Oklahoma,1938,8,6,2,0,4
Oklahoma,1939,7,5,2,0,19
Oklahoma,1945,2,0,0,0,
Oklahoma,1946,7,0,0,0,14
Oklahoma,1947,4,0,0,0,16
Oklahoma,1948,8,4,1,0,5
Oklahoma,1949,9,9,9,0,2
Oklahoma,1950,10,10,9,2,1
Oklahoma,1951,10,4,2,0,10
Oklahoma,1952,11,9,7,0,4
Oklahoma,1953,11,9,3,0,4
Oklahoma,1954,12,12,12,4,3
Oklahoma,1955,12,12,12,4,1
Oklahoma,1956,12,12,12,10,1
Oklahoma,1957,12,12,11,5,4
Oklahoma,1958,12,11,7,1,5
Oklahoma,1959,8,2,2,0,15
Oklahoma,1960,1,1,0,0,
Oklahoma,1962,3,3,0,0,8
Oklahoma,1963,13,13,5,2,10
Oklahoma,1964,1,1,1,0,
Oklahoma,1966,1,1,0,0,
Oklahoma,1967,4,4,2,0,3
Oklahoma,1968,6,3,2,0,11
Oklahoma,1969,7,4,0,0,
Oklahoma,1970,6,0,0,0,20
Oklahoma,1971,15,14,10,0,2
Oklahoma,1972,15,15,11,0,2
Oklahoma,1973,15,13,9,0,3
Oklahoma,1974,15,15,15,7,1
Oklahoma,1975,15,15,13,6,1
Oklahoma,1976,14,11,7,0,5
Oklahoma,1977,14,14,11,2,7
Oklahoma,1978,15,15,15,7,3
Oklahoma,1979,15,15,9,0,3
Oklahoma,1980,16,10,7,0,3
Oklahoma,1981,10,6,5,0,20
Oklahoma,1982,11,2,0,0,16
Oklahoma,1983,11,6,3,0,
Oklahoma,1984,16,12,7,0,6
Oklahoma,1985,17,17,13,3,1
Oklahoma,1986,15,15,13,4,3
Oklahoma,1987,16,16,16,14,3
Oklahoma,1988,17,16,5,0,14
Oklahoma,1989,8,2,0,0,
Oklahoma,1990,12,3,1,0,17
Oklahoma,1991,16,7,1,0,16
Oklahoma,1992,7,0,0,0,
Oklahoma,1993,17,4,0,0,17
Oklahoma,1994,8,0,0,0,
Oklahoma,1995,11,2,0,0,
Oklahoma,1999,2,0,0,0,
Oklahoma,2000,17,11,9,7,1
Oklahoma,2001,14,13,11,0,10
Oklahoma,2002,17,17,15,2,8
Oklahoma,2003,16,16,16,15,3
Oklahoma,2004,15,15,15,0,3
Oklahoma,2005,4,1,0,0,22
Oklahoma,2006,15,2,0,0,11
Oklahoma,2007,15,15,9,0,8
Oklahoma,2008,16,16,15,2,5
Oklahoma,2009,10,3,1,0,
Oklahoma,2010,16,11,1,0,6
Oklahoma,2011,16,11,9,4,16
Oklahoma,2012,16,6,3,0,15
Oklahoma,2013,17,1,0,0,6
Oklahoma,2014,14,6,6,0,
Oklahoma,2015,16,6,4,0,5
Oklahoma,2016,15,7,2,0,5
Oklahoma,2017,16,15,11,0,3
Oklahoma,2018,16,15,5,0,4
Oklahoma,2019,17,17,7,0,7
Oklahoma,2020,13,4,3,0,6
Oklahoma,2021,16,13,9,0,10
Oklahoma,2022,5,4,0,0,
Oklahoma,2023,16,4,1,0,15
Oklahoma,2024,7,0,0,0,
Oklahoma,2025,17,7,1,0,13
Oklahoma State,1944,2,0,0,0,
Oklahoma State,1945,9,5,1,0,5
Oklahoma State,1958,1,0,0,0,19
Oklahoma State,1972,2,0,0,0,
Oklahoma State,1973,4,0,0,0,
Oklahoma State,1974,3,0,0,0,
Oklahoma State,1975,4,0,0,0,
Oklahoma State,1976,7,0,0,0,14
Oklahoma State,1977,2,0,0,0,
Oklahoma State,1984,14,10,2,0,7
Oklahoma State,1985,16,8,1,0,
Oklahoma State,1987,11,0,0,0,11
Oklahoma State,1988,14,1,0,0,11
Oklahoma State,1997,10,0,0,0,24
Oklahoma State,2003,8,0,0,0,
Oklahoma State,2004,10,0,0,0,
Oklahoma State,2008,11,4,0,0,16
Oklahoma State,2009,15,2,1,0,
Oklahoma State,2010,11,1,0,0,13
Oklahoma State,2011,16,16,9,0,3
Oklahoma State,2012,4,0,0,0,
Oklahoma State,2013,17,2,0,0,17
Oklahoma State,2014,5,0,0,0,
Oklahoma State,2015,14,3,2,0,20
Oklahoma State,2016,9,1,0,0,11
Oklahoma State,2017,16,5,0,0,14
Oklahoma State,2018,3,0,0,0,
Oklahoma State,2019,5,0,0,0,
Oklahoma State,2020,14,4,0,0,20
Oklahoma State,2021,12,7,1,0,7
Oklahoma State,2022,11,6,0,0,
Oklahoma State,2023,6,0,0,0,16
Oklahoma State,2024,5,0,0,0,
Ole Miss,1939,3,0,0,0,
Ole Miss,1940,4,0,0,0,
Ole Miss,1941,6,0,0,0,17
Ole Miss,1947,6,0,0,0,13
Ole Miss,1948,6,1,0,0,15
Ole Miss,1952,6,3,0,0,7
Ole Miss,1953,4,0,0,0,
Ole Miss,1954,12,11,1,0,6
Ole Miss,1955,8,2,0,0,10
Ole Miss,1956,7,5,0,0,
Ole Miss,1957,11,5,1,0,7
Ole Miss,1958,12,9,0,0,11
Ole Miss,1959,13,13,12,0,2
Ole Miss,1960,12,12,11,3,2
Ole Miss,1961,12,12,8,1,5
Ole Miss,1962,12,12,7,0,3
Ole Miss,1963,12,12,8,0,7
Ole Miss,1964,1,1,1,1,
Ole Miss,1968,3,0,0,0,
Ole Miss,1969,12,3,0,0,8
Ole Miss,1970,14,7,5,0,20
Ole Miss,1971,5,0,0,0,15
Ole Miss,1972,5,0,0,0,
Ole Miss,1976,4,0,0,0,
Ole Miss,1986,1,0,0,0,
Ole Miss,1990,10,0,0,0,21
Ole Miss,1991,1,0,0,0,
Ole Miss,1992,6,0,0,0,16
Ole Miss,1997,2,0,0,0,22
Ole Miss,1999,8,0,0,0,22
Ole Miss,2000,3,0,0,0,
Ole Miss,2002,2,0,0,0,
Ole Miss,2003,7,0,0,0,13
Ole Miss,2008,3,0,0,0,14
Ole Miss,2009,9,4,2,0,20
Ole Miss,2013,5,0,0,0,
Ole Miss,2014,17,9,3,0,17
Ole Miss,2015,15,3,2,0,10
Ole Miss,2016,8,0,0,0,
Ole Miss,2021,15,5,0,0,11
Ole Miss,2022,13,3,0,0,
Ole Miss,2023,15,1,0,0,
Ole Miss,2024,17,8,2,0,11
Ole Miss,2025,17,12,5,0,3
Oregon,1939,1,0,0,0,
Oregon,1941,1,0,0,0,
Oregon,1946,1,0,0,0,
Oregon,1948,6,2,0,0,9
Oregon,1954,2,0,0,0,
Oregon,1956,1,0,0,0,
Oregon,1957,5,0,0,0,
Oregon,1958,2,0,0,0,
Oregon,1959,5,0,0,0,
Oregon,1960,1,0,0,0,
Oregon,1964,2,2,0,0,
Oregon,1970,2,0,0,0,
Oregon,1987,1,0,0,0,
Oregon,1988,3,0,0,0,
Oregon,1989,2,0,0,0,
Oregon,1990,5,0,0,0,
Oregon,1994,7,0,0,0,11
Oregon,1995,15,1,0,0,18
Oregon,1996,1,0,0,0,
Oregon,1998,14,0,0,0,
Oregon,1999,2,0,0,0,19
Oregon,2000,12,11,1,0,7
Oregon,2001,14,13,4,0,2
Oregon,2002,13,5,0,0,
Oregon,2003,3,1,0,0,
Oregon,2004,2,0,0,0,
Oregon,2005,11,3,0,0,12
Oregon,2006,11,0,0,0,
Oregon,2007,13,7,4,0,23
Oregon,2008,10,1,0,0,10
Oregon,2009,13,5,0,0,11
Oregon,2010,16,15,14,7,3
Oregon,2011,16,14,3,0,4
Oregon,2012,16,16,15,1,2
Oregon,2013,17,15,12,0,9
Oregon,2014,17,16,14,0,2
Oregon,2015,9,2,0,0,19
Oregon,2016,3,0,0,0,
Oregon,2017,1,0,0,0,
Oregon,2018,9,0,0,0,
Oregon,2019,17,6,1,0,5
Oregon,2020,11,2,0,0,
Oregon,2021,16,11,5,0,22
Oregon,2022,15,5,0,0,15
Oregon,2023,16,13,1,0,6
Oregon,2024,17,17,12,8,3
Oregon,2025,17,17,7,0,4
Oregon State,1939,3,0,0,0,
Oregon State,1940,2,0,0,0,
Oregon State,1941,5,0,0,0,12
Oregon State,1951,2,0,0,0,
Oregon State,1955,1,0,0,0,
Oregon State,1956,6,1,0,0,10
Oregon State,1957,6,4,0,0,
Oregon State,1958,1,0,0,0,
Oregon State,1960,4,1,0,0,
Oregon State,1964,3,3,0,0,8
Oregon State,1967,3,3,0,0,7
Oregon State,1968,10,2,0,0,15
Oregon State,2000,11,6,4,0,4
Oregon State,2001,4,1,0,0,
Oregon State,2002,1,0,0,0,
Oregon State,2003,2,0,0,0,
Oregon State,2006,1,0,0,0,21
Oregon State,2007,1,0,0,0,25
Oregon State,2008,5,0,0,0,18
Oregon State,2009,4,0,0,0,
Oregon State,2010,4,0,0,0,
Oregon State,2012,12,3,0,0,20
Oregon State,2013,1,0,0,0,
Oregon State,2022,6,0,0,0,17
Oregon State,2023,15,1,0,0,
Penn State,1940,4,0,0,0,
Penn State,1942,1,0,0,0,19
Penn State,1945,1,0,0,0,
Penn State,1947,10,9,4,0,4
Penn State,1948,9,5,1,0,18
Penn State,1952,4,0,0,0,
Penn State,1954,5,2,0,0,20
Penn State,1955,1,0,0,0,
Penn State,1956,2,0,0,0,
Penn State,1957,2,0,0,0,
Penn State,1959,11,6,0,0,12
Penn State,1960,6,0,0,0,16
Penn State,1961,3,2,0,0,17
Penn State,1962,7,7,3,0,9
Penn State,1963,1,1,0,0,
Penn State,1967,1,1,0,0,10
Penn State,1968,14,14,12,0,2
Penn State,1969,14,14,13,0,2
Penn State,1970,9,3,1,0,18
Penn State,1971,15,12,3,0,5
Penn State,1972,15,9,3,0,10
Penn State,1973,15,15,3,0,5
Penn State,1974,15,10,0,0,7
Penn State,1975,15,13,0,0,10
Penn State,1976,7,2,0,0,
Penn State,1977,14,13,3,0,5
Penn State,1978,15,15,15,4,4
Penn State,1979,8,3,1,0,20
Penn State,1980,16,7,1,0,8
Penn State,1981,15,13,9,2,3
Penn State,1982,16,16,8,1,1
Penn State,1983,2,1,1,0,
Penn State,1984,9,2,1,0,
Penn State,1985,17,14,9,5,3
Penn State,1986,15,15,11,1,1
Penn State,1987,13,1,0,0,
Penn State,1988,5,0,0,0,
Penn State,1989,13,0,0,0,15
Penn State,1990,9,2,0,0,11
Penn State,1991,16,14,3,0,3
Penn State,1992,16,8,0,0,
Penn State,1993,17,5,0,0,8
Penn State,1994,17,17,13,2,2
Penn State,1995,17,6,3,0,13
Penn State,1996,18,13,3,0,7
Penn State,1997,18,15,13,6,16
Penn State,1998,16,7,0,0,17
Penn State,1999,17,12,11,0,11
Penn State,2000,1,0,0,0,
Penn State,2002,15,2,0,0,10
Penn State,2005,10,7,4,0,3
Penn State,2006,5,0,0,0,24
Penn State,2007,6,1,0,0,
Penn State,2008,16,11,4,0,8
Penn State,2009,16,6,2,0,9
Penn State,2010,5,0,0,0,
Penn State,2011,8,0,0,0,
Penn State,2016,8,5,1,0,7
Penn State,2017,16,13,8,0,8
Penn State,2018,16,4,0,0,17
Penn State,2019,17,8,2,0,9
Penn State,2020,6,5,0,0,
Penn State,2021,11,6,2,0,
Penn State,2022,14,5,0,0,7
Penn State,2023,16,13,0,0,13
Penn State,2024,17,17,10,0,5
Penn State,2025,6,6,5,0,
Pittsburgh,1936,7,7,6,0,3
Pittsburgh,1937,7,7,7,4,1
Pittsburgh,1938,8,8,6,3,8
Pittsburgh,1939,2,1,1,1,
Pittsburgh,1949,3,0,0,0,
Pittsburgh,1952,3,0,0,0,
Pittsburgh,1953,4,0,0,0,
Pittsburgh,1954,1,0,0,0,
Pittsburgh,1955,7,1,0,0,11
Pittsburgh,1956,11,3,0,0,13
Pittsburgh,1957,4,1,0,0,
Pittsburgh,1958,7,2,0,0,
Pittsburgh,1959,3,0,0,0,20
Pittsburgh,1960,4,1,0,0,
Pittsburgh,1963,12,12,6,0,4
Pittsburgh,1970,2,0,0,0,
Pittsburgh,1973,2,0,0,0,
Pittsburgh,1974,10,1,0,0,
Pittsburgh,1975,7,0,0,0,15
Pittsburgh,1976,14,14,13,5,1
Pittsburgh,1977,13,6,0,0,8
Pittsburgh,1978,14,3,0,0,
Pittsburgh,1979,12,2,0,0,7
Pittsburgh,1980,16,13,8,0,2
Pittsburgh,1981,15,15,11,4,4
Pittsburgh,1982,16,16,11,4,10
Pittsburgh,1983,8,0,0,0,18
Pittsburgh,1984,3,1,1,0,
Pittsburgh,1987,6,0,0,0,
Pittsburgh,1988,1,0,0,0,
Pittsburgh,1989,17,5,0,0,17
Pittsburgh,1990,4,0,0,0,
Pittsburgh,1991,7,0,0,0,
Pittsburgh,2002,6,0,0,0,24
Pittsburgh,2003,12,3,0,0,
Pittsburgh,2004,2,0,0,0,25
Pittsburgh,2005,1,0,0,0,
Pittsburgh,2008,8,0,0,0,
Pittsburgh,2009,9,3,0,0,15
Pittsburgh,2010,1,0,0,0,
Pittsburgh,2015,2,0,0,0,
Pittsburgh,2016,2,0,0,0,
Pittsburgh,2018,1,0,0,0,
Pittsburgh,2020,3,0,0,0,
Pittsburgh,2021,8,0,0,0,13
Pittsburgh,2022,6,0,0,0,22
Pittsburgh,2024,5,0,0,0,
Pittsburgh,2025,2,0,0,0,
Purdue,1936,2,1,1,0,
Purdue,1943,9,9,8,0,5
Purdue,1944,4,2,0,0,
Purdue,1945,7,2,1,0,
Purdue,1947,2,0,0,0,
Purdue,1948,1,0,0,0,
Purdue,1950,1,1,0,0,
Purdue,1952,7,4,0,0,18
Purdue,1954,6,4,2,0,
Purdue,1955,3,0,0,0,
Purdue,1956,1,0,0,0,
Purdue,1958,9,4,0,0,13
Purdue,1959,6,2,0,0,
Purdue,1960,5,2,0,0,19
Purdue,1961,2,1,0,0,12
Purdue,1962,2,2,0,0,
Purdue,1964,1,1,0,0,
Purdue,1965,7,7,1,0,
Purdue,1966,8,8,0,0,7
Purdue,1967,10,10,6,0,9
Purdue,1968,14,10,6,5,10
Purdue,1969,14,4,0,0,18
Purdue,1971,2,0,0,0,
Purdue,1972,3,0,0,0,
Purdue,1978,9,0,0,0,13
Purdue,1979,15,4,1,0,10
Purdue,1980,6,1,0,0,17
Purdue,1984,1,0,0,0,
Purdue,1997,9,0,0,0,15
Purdue,1998,1,0,0,0,24
Purdue,1999,17,0,0,0,25
Purdue,2000,16,1,0,0,13
Purdue,2001,5,0,0,0,
Purdue,2003,15,1,0,0,18
Purdue,2004,9,2,1,0,
Purdue,2005,5,0,0,0,
Purdue,2007,1,0,0,0,
Purdue,2021,1,0,0,0,
Rice,1937,3,0,0,0,18
Rice,1941,1,0,0,0,
Rice,1946,8,3,1,0,10
Rice,1947,6,0,0,0,18
Rice,1949,7,7,2,0,5
Rice,1950,2,0,0,0,
Rice,1951,2,0,0,0,
Rice,1952,1,0,0,0,
Rice,1953,9,3,0,0,6
Rice,1954,8,0,0,0,19
Rice,1955,4,0,0,0,
Rice,1957,8,2,0,0,8
Rice,1958,3,0,0,0,
Rice,1960,6,1,0,0,
Rice,1961,2,1,0,0,17
Rutgers,1958,5,0,0,0,20
Rutgers,1961,1,0,0,0,15
Rutgers,1976,4,0,0,0,17
Rutgers,2006,11,1,0,0,12
Rutgers,2007,7,1,0,0,
Rutgers,2009,1,0,0,0,
Rutgers,2012,8,0,0,0,
San Diego State,1970,5,0,0,0,
San Diego State,1974,1,0,0,0,
San Diego State,1975,2,0,0,0,
San Diego State,1977,3,0,0,0,16
San Diego State,1992,2,0,0,0,
San Diego State,1995,1,0,0,0,
San Diego State,2016,4,0,0,0,25
San Diego State,2017,4,0,0,0,
San Diego State,2019,2,0,0,0,
San Diego State,2021,8,0,0,0,25
San Jose State,1939,2,0,0,0,
San Jose State,1975,1,0,0,0,
San Jose State,2012,2,0,0,0,21
San Jose State,2020,2,0,0,0,24
SMU,1936,4,0,0,0,
SMU,1939,5,0,0,0,
SMU,1940,7,0,0,0,16
SMU,1941,1,0,0,0,
SMU,1947,8,7,6,0,3
SMU,1948,9,6,1,0,10
SMU,1949,7,4,0,0,
SMU,1950,9,7,5,2,
SMU,1951,1,0,0,0,
SMU,1953,2,0,0,0,
SMU,1954,3,0,0,0,
SMU,1955,1,0,0,0,
SMU,1956,3,1,1,0,
SMU,1957,1,0,0,0,
SMU,1958,8,0,0,0,18
SMU,1959,4,2,1,0,
SMU,1966,2,2,0,0,10
SMU,1968,3,0,0,0,14
SMU,1972,1,0,0,0,
SMU,1973,1,0,0,0,
SMU,1979,3,0,0,0,
SMU,1980,8,0,0,0,20
SMU,1981,12,8,2,0,5
SMU,1982,16,16,10,0,2
SMU,1983,16,8,0,0,12
SMU,1984,16,6,0,0,8
SMU,1985,8,6,4,0,
SMU,1986,2,0,0,0,
SMU,2019,8,0,0,0,
SMU,2020,6,0,0,0,
SMU,2021,5,0,0,0,
SMU,2023,3,0,0,0,22
SMU,2024,11,2,0,0,12
SMU,2025,3,0,0,0,
South Carolina,1953,2,0,0,0,
South Carolina,1954,1,0,0,0,
South Carolina,1956,3,0,0,0,
South Carolina,1958,3,0,0,0,15
South Carolina,1959,4,0,0,0,
South Carolina,1970,1,0,0,0,
South Carolina,1971,1,0,0,0,
South Carolina,1975,1,0,0,0,
South Carolina,1976,2,0,0,0,
South Carolina,1979,4,0,0,0,
South Carolina,1980,12,0,0,0,
South Carolina,1984,10,7,3,0,11
South Carolina,1985,4,0,0,0,
South Carolina,1987,8,3,0,0,15
South Carolina,1988,11,3,0,0,
South Carolina,1989,3,0,0,0,
South Carolina,1990,1,0,0,0,
South Carolina,1993,1,0,0,0,
South Carolina,2000,8,0,0,0,19
South Carolina,2001,14,1,0,0,14
South Carolina,2002,3,0,0,0,
South Carolina,2003,1,0,0,0,
South Carolina,2004,1,0,0,0,
South Carolina,2005,1,0,0,0,
South Carolina,2007,8,2,0,0,
South Carolina,2008,2,0,0,0,
South Carolina,2009,4,0,0,0,
South Carolina,2010,15,1,0,0,22
South Carolina,2011,16,5,0,0,9
South Carolina,2012,16,9,1,0,8
South Carolina,2013,17,6,1,0,4
South Carolina,2014,5,1,0,0,
South Carolina,2018,1,0,0,0,
South Carolina,2022,4,0,0,0,23
South Carolina,2024,6,0,0,0,19
South Carolina,2025,3,1,0,0,
South Florida,2007,8,3,2,0,
South Florida,2008,10,1,0,0,
South Florida,2009,3,0,0,0,
South Florida,2011,4,0,0,0,
South Florida,2016,3,0,0,0,19
South Florida,2017,15,0,0,0,21
South Florida,2018,3,0,0,0,
South Florida,2025,5,0,0,0,
Southern Miss,1953,3,0,0,0,
Southern Miss,1980,1,0,0,0,
Southern Miss,1981,5,1,0,0,
Southern Miss,1989,1,0,0,0,
Southern Miss,1990,4,0,0,0,
Southern Miss,1996,4,0,0,0,
Southern Miss,1997,6,0,0,0,19
Southern Miss,1998,1,0,0,0,
Southern Miss,1999,10,0,0,0,14
Southern Miss,2000,13,0,0,0,
Southern Miss,2004,3,0,0,0,
Southern Miss,2011,5,0,0,0,20
Stanford,1937,1,0,0,0,
Stanford,1940,8,8,4,0,2
Stanford,1941,5,2,0,0,
Stanford,1942,2,0,0,0,12
Stanford,1946,1,0,0,0,
Stanford,1949,3,0,0,0,
Stanford,1950,4,4,0,0,
Stanford,1951,9,5,2,0,7
Stanford,1952,2,0,0,0,
Stanford,1953,7,0,0,0,19
Stanford,1954,1,0,0,0,
Stanford,1955,4,0,0,0,16
Stanford,1956,4,1,0,0,
Stanford,1957,2,0,0,0,
Stanford,1968,2,0,0,0,
Stanford,1969,13,0,0,0,19
Stanford,1970,15,10,3,0,8
Stanford,1971,15,4,0,0,10
Stanford,1972,7,0,0,0,
Stanford,1974,2,0,0,0,
Stanford,1975,2,0,0,0,
Stanford,1977,1,0,0,0,15
Stanford,1978,4,0,0,0,17
Stanford,1979,1,0,0,0,
Stanford,1980,6,0,0,0,
Stanford,1981,2,0,0,0,
Stanford,1986,5,0,0,0,
Stanford,1991,5,0,0,0,22
Stanford,1992,17,2,0,0,9
Stanford,1993,5,0,0,0,
Stanford,1994,2,0,0,0,
Stanford,1995,4,0,0,0,
Stanford,1997,9,0,0,0,
Stanford,1999,2,0,0,0,
Stanford,2001,10,1,0,0,11
Stanford,2009,4,0,0,0,
Stanford,2010,15,8,3,0,4
Stanford,2011,16,16,7,0,7
Stanford,2012,16,5,0,0,7
Stanford,2013,17,15,9,0,11
Stanford,2014,8,0,0,0,
Stanford,2015,14,7,2,0,3
Stanford,2016,9,5,0,0,12
Stanford,2017,12,0,0,0,20
Stanford,2018,7,4,0,0,
Stanford,2019,2,0,0,0,
Syracuse,1937,1,0,0,0,
Syracuse,1938,1,1,0,0,
Syracuse,1941,1,0,0,0,
Syracuse,1942,2,0,0,0,
Syracuse,1952,4,0,0,0,14
Syracuse,1955,2,0,0,0,
Syracuse,1956,10,6,0,0,8
Syracuse,1958,5,3,0,0,9
Syracuse,1959,12,9,7,5,1
Syracuse,1960,12,8,7,2,19
Syracuse,1961,5,4,1,0,14
Syracuse,1964,4,4,0,0,
Syracuse,1965,1,1,0,0,
Syracuse,1966,1,1,0,0,
Syracuse,1968,4,1,0,0,
Syracuse,1970,1,0,0,0,
Syracuse,1971,2,0,0,0,
Syracuse,1987,11,9,4,0,4
Syracuse,1988,9,0,0,0,13
Syracuse,1989,6,1,0,0,
Syracuse,1991,16,2,0,0,11
Syracuse,1992,17,11,0,0,6
Syracuse,1993,9,4,0,0,
Syracuse,1994,7,1,0,0,
Syracuse,1995,7,0,0,0,19
Syracuse,1996,12,3,0,0,21
Syracuse,1997,9,0,0,0,21
Syracuse,1998,15,0,0,0,25
Syracuse,1999,3,0,0,0,
Syracuse,2001,7,0,0,0,18
Syracuse,2018,7,0,0,0,15
Syracuse,2019,2,0,0,0,
Syracuse,2022,5,0,0,0,
Syracuse,2024,3,0,0,0,20
TCU,1936,3,0,0,0,16
TCU,1937,2,0,0,0,16
TCU,1938,8,8,7,2,1
TCU,1941,1,0,0,0,
TCU,1942,4,1,0,0,
TCU,1951,4,0,0,0,11
TCU,1952,1,1,0,0,
TCU,1954,3,0,0,0,
TCU,1955,10,8,0,0,6
TCU,1956,10,6,3,0,14
TCU,1957,2,0,0,0,
TCU,1958,10,6,0,0,10
TCU,1959,10,5,0,0,7
TCU,1960,1,0,0,0,
TCU,1984,4,0,0,0,
TCU,1990,1,0,0,0,
TCU,2000,17,1,0,0,21
TCU,2002,2,0,0,0,
TCU,2003,16,2,0,0,25
TCU,2005,10,0,0,0,11
TCU,2006,6,0,0,0,22
TCU,2007,2,0,0,0,
TCU,2008,9,1,0,0,7
TCU,2009,16,10,5,0,6
TCU,2010,16,16,15,0,2
TCU,2011,10,0,0,0,14
TCU,2012,6,0,0,0,
TCU,2013,3,0,0,0,
TCU,2014,12,10,4,0,3
TCU,2015,16,11,10,0,7
TCU,2016,3,0,0,0,
TCU,2017,15,10,2,0,9
TCU,2018,4,0,0,0,
TCU,2019,1,0,0,0,
TCU,2022,11,9,6,0,2
TCU,2023,1,0,0,0,
TCU,2025,2,0,0,0,25
Temple,1936,2,0,0,0,
Temple,1941,2,0,0,0,
Temple,1974,1,0,0,0,
Temple,1979,3,0,0,0,17
Temple,2015,7,0,0,0,
Temple,2016,1,0,0,0,
Tennessee,1936,4,0,0,0,17
Tennessee,1937,1,0,0,0,
Tennessee,1938,8,8,5,0,2
Tennessee,1939,9,9,9,4,2
Tennessee,1940,8,8,5,0,4
Tennessee,1941,1,0,0,0,18
Tennessee,1942,8,2,0,0,7
Tennessee,1944,9,1,0,0,12
Tennessee,1945,5,0,0,0,14
Tennessee,1946,9,9,1,0,7
Tennessee,1948,2,0,0,0,
Tennessee,1949,3,0,0,0,17
Tennessee,1950,9,5,2,0,4
Tennessee,1951,11,11,11,7,1
Tennessee,1952,9,6,0,0,8
Tennessee,1953,2,0,0,0,
Tennessee,1955,1,0,0,0,
Tennessee,1956,11,10,7,1,2
Tennessee,1957,9,4,1,0,13
Tennessee,1959,7,3,0,0,
Tennessee,1960,6,1,0,0,
Tennessee,1965,4,4,0,0,7
Tennessee,1966,5,5,0,0,
Tennessee,1967,8,8,6,0,2
Tennessee,1968,14,9,2,0,13
Tennessee,1969,14,9,4,0,15
Tennessee,1970,12,8,3,0,4
Tennessee,1971,15,5,0,0,9
Tennessee,1972,15,6,2,0,8
Tennessee,1973,14,7,0,0,19
Tennessee,1974,5,0,0,0,20
Tennessee,1975,7,1,0,0,
Tennessee,1979,5,0,0,0,
Tennessee,1985,12,4,1,0,4
Tennessee,1986,2,2,0,0,
Tennessee,1987,16,3,0,0,14
Tennessee,1988,2,0,0,0,
Tennessee,1989,15,10,1,0,5
Tennessee,1990,16,11,3,0,8
Tennessee,1991,16,9,3,0,14
Tennessee,1992,17,3,1,0,12
Tennessee,1993,17,13,1,0,12
Tennessee,1994,6,0,0,0,22
Tennessee,1995,17,15,8,0,3
Tennessee,1996,18,17,5,0,9
Tennessee,1997,18,18,10,0,7
Tennessee,1998,16,16,13,6,1
Tennessee,1999,17,17,8,0,9
Tennessee,2000,10,0,0,0,
Tennessee,2001,14,13,1,0,8
Tennessee,2002,11,7,5,0,
Tennessee,2003,16,6,0,0,15
Tennessee,2004,15,2,0,0,13
Tennessee,2005,9,6,2,0,
Tennessee,2006,15,4,0,0,25
Tennessee,2007,11,0,0,0,12
Tennessee,2008,1,0,0,0,
Tennessee,2012,1,0,0,0,
Tennessee,2015,3,0,0,0,22
Tennessee,2016,11,3,0,0,22
Tennessee,2017,3,0,0,0,
Tennessee,2020,6,0,0,0,
Tennessee,2022,15,12,5,0,6
Tennessee,2023,15,1,0,0,17
Tennessee,2024,17,14,2,0,9
Tennessee,2025,14,0,0,0,
Texas,1940,2,0,0,0,
Texas,1941,8,8,6,2,4
Texas,1942,8,1,0,0,11
Texas,1943,7,1,0,0,14
Texas,1945,8,6,0,0,10
Texas,1946,9,6,3,1,15
Texas,1947,10,10,5,0,5
Texas,1948,2,0,0,0,
Texas,1949,5,1,0,0,
Texas,1950,10,10,5,0,3
Texas,1951,10,5,1,0,
Texas,1952,9,5,1,0,10
Texas,1953,8,3,0,0,11
Texas,1954,4,2,2,0,
Texas,1957,5,0,0,0,11
Texas,1958,6,2,1,0,
Texas,1959,13,11,10,0,4
Texas,1960,6,1,1,0,
Texas,1961,12,12,11,2,3
Texas,1962,12,12,12,2,4
Texas,1963,13,13,13,9,1
Texas,1964,11,11,8,3,5
Texas,1965,7,7,6,3,
Texas,1967,3,3,2,0,
Texas,1968,12,9,4,0,3
Texas,1969,14,14,14,4,1
Texas,1970,15,15,15,6,3
Texas,1971,15,6,5,0,18
Texas,1972,15,10,1,0,3
Texas,1973,14,5,2,0,14
Texas,1974,14,4,0,0,17
Texas,1975,15,13,2,0,6
Texas,1976,7,1,0,0,
Texas,1977,13,12,10,6,4
Texas,1978,15,12,0,0,9
Texas,1979,15,13,7,0,12
Texas,1980,10,8,4,0,
Texas,1981,15,15,6,1,2
Texas,1982,14,1,0,0,17
Texas,1983,16,16,16,0,5
Texas,1984,15,13,10,2,
Texas,1985,4,0,0,0,
Texas,1988,1,0,0,0,
Texas,1989,2,0,0,0,
Texas,1990,11,4,2,0,12
Texas,1991,2,0,0,0,
Texas,1992,3,0,0,0,
Texas,1994,11,0,0,0,25
Texas,1995,17,4,0,0,14
Texas,1996,10,5,0,0,23
Texas,1997,4,0,0,0,
Texas,1998,7,0,0,0,15
Texas,1999,14,3,0,0,21
Texas,2000,16,4,1,0,12
Texas,2001,14,13,10,0,9
Texas,2002,17,16,10,0,9
Texas,2003,16,7,1,0,12
Texas,2004,15,15,4,0,5
Texas,2005,15,15,15,1,1
Texas,2006,15,11,6,0,13
Texas,2007,15,6,1,0,10
Texas,2008,16,15,11,3,4
Texas,2009,16,16,16,0,2
Texas,2010,6,4,2,0,
Texas,2011,7,0,0,0,
Texas,2012,12,0,0,0,19
Texas,2013,4,0,0,0,
Texas,2016,4,0,0,0,
Texas,2017,1,0,0,0,
Texas,2018,13,5,0,0,9
Texas,2019,11,2,0,0,25
Texas,2020,12,3,0,0,19
Texas,2021,4,0,0,0,
Texas,2022,9,0,0,0,25
Texas,2023,16,14,6,0,3
Texas,2024,17,17,16,4,4
Texas,2025,16,7,1,1,12
Texas A&M,1936,3,0,0,0,
Texas A&M,1937,1,0,0,0,
Texas A&M,1938,1,0,0,0,
Texas A&M,1939,9,9,8,4,1
Texas A&M,1940,8,8,7,0,6
Texas A&M,1941,8,7,5,0,9
Texas A&M,1943,7,0,0,0,
Texas A&M,1945,1,0,0,0,
Texas A&M,1950,2,0,0,0,
Texas A&M,1951,6,4,1,0,
Texas A&M,1953,1,0,0,0,
Texas A&M,1955,8,3,0,0,17
Texas A&M,1956,12,9,6,0,5
Texas A&M,1957,12,12,11,3,9
Texas A&M,1958,1,0,0,0,
Texas A&M,1968,3,0,0,0,
Texas A&M,1974,13,9,2,0,16
Texas A&M,1975,15,13,8,0,11
Texas A&M,1976,10,3,0,0,7
Texas A&M,1977,13,5,1,0,
Texas A&M,1978,8,5,0,0,19
Texas A&M,1979,1,0,0,0,
Texas A&M,1985,5,1,0,0,6
Texas A&M,1986,15,8,0,0,13
Texas A&M,1987,10,1,0,0,10
Texas A&M,1988,2,1,0,0,
Texas A&M,1989,15,0,0,0,20
Texas A&M,1990,9,0,0,0,15
Texas A&M,1991,15,2,0,0,12
Texas A&M,1992,17,17,13,0,7
Texas A&M,1993,17,9,3,0,9
Texas A&M,1994,17,11,0,0,8
Texas A&M,1995,17,7,5,0,15
Texas A&M,1996,4,0,0,0,
Texas A&M,1997,13,0,0,0,20
Texas A&M,1998,16,9,0,0,11
Texas A&M,1999,16,6,2,0,23
Texas A&M,2000,5,0,0,0,
Texas A&M,2001,3,0,0,0,
Texas A&M,2002,7,0,0,0,
Texas A&M,2004,8,0,0,0,
Texas A&M,2005,1,0,0,0,
Texas A&M,2006,5,0,0,0,
Texas A&M,2007,4,0,0,0,
Texas A&M,2010,6,0,0,0,19
Texas A&M,2011,9,4,0,0,
Texas A&M,2012,10,5,1,0,5
Texas A&M,2013,17,10,0,0,18
Texas A&M,2014,8,5,0,0,
Texas A&M,2015,8,2,0,0,
Texas A&M,2016,12,8,0,0,
Texas A&M,2018,8,0,0,0,16
Texas A&M,2019,8,0,0,0,
Texas A&M,2020,16,12,7,0,4
Texas A&M,2021,14,4,1,0,
Texas A&M,2022,5,2,0,0,
Texas A&M,2023,2,0,0,0,
Texas A&M,2024,12,1,0,0,
Texas A&M,2025,17,14,8,0,8
Texas Tech,1938,4,0,0,0,11
Texas Tech,1940,2,0,0,0,
Texas Tech,1953,4,0,0,0,12
Texas Tech,1954,4,0,0,0,
Texas Tech,1955,1,0,0,0,
Texas Tech,1965,3,3,0,0,
Texas Tech,1967,1,1,0,0,
Texas Tech,1968,2,0,0,0,
Texas Tech,1970,3,0,0,0,
Texas Tech,1972,3,0,0,0,
Texas Tech,1973,10,0,0,0,11
Texas Tech,1974,7,2,0,0,
Texas Tech,1976,12,8,3,0,13
Texas Tech,1977,10,3,0,0,
Texas Tech,1989,7,0,0,0,19
Texas Tech,1995,6,0,0,0,23
Texas Tech,1998,2,0,0,0,
Texas Tech,2002,1,0,0,0,
Texas Tech,2004,2,0,0,0,18
Texas Tech,2005,15,1,0,0,20
Texas Tech,2006,3,0,0,0,
Texas Tech,2007,2,0,0,0,22
Texas Tech,2008,16,11,3,0,12
Texas Tech,2009,2,0,0,0,21
Texas Tech,2011,1,0,0,0,
Texas Tech,2012,5,0,0,0,
Texas Tech,2013,8,1,0,0,
Texas Tech,2017,1,0,0,0,
Texas Tech,2018,1,0,0,0,
Texas Tech,2025,17,9,2,0,7
Toledo,1969,4,0,0,0,
Toledo,1970,8,0,0,0,12
Toledo,1971,12,0,0,0,14
Toledo,1995,3,0,0,0,24
Toledo,1997,3,0,0,0,
Toledo,2000,2,0,0,0,
Toledo,2001,4,0,0,0,25
Toledo,2012,1,0,0,0,
Toledo,2015,6,0,0,0,
Toledo,2023,2,0,0,0,
Troy,2016,1,0,0,0,
Troy,2022,2,0,0,0,19
Tulane,1936,4,2,0,0,
Tulane,1937,1,0,0,0,
Tulane,1938,2,0,0,0,19
Tulane,1939,9,9,5,0,5
Tulane,1941,3,1,0,0,
Tulane,1948,6,0,0,0,13
Tulane,1949,5,3,2,0,
Tulane,1950,1,0,0,0,20
Tulane,1956,2,0,0,0,
Tulane,1970,1,0,0,0,17
Tulane,1972,1,0,0,0,
Tulane,1973,7,0,0,0,20
Tulane,1974,2,0,0,0,
Tulane,1979,4,0,0,0,
Tulane,1998,11,3,0,0,7
Tulane,2022,9,1,0,0,9
Tulane,2023,10,0,0,0,
Tulane,2024,3,0,0,0,
Tulane,2025,5,0,0,0,18
Tulsa,1937,1,0,0,0,
Tulsa,1942,6,4,1,0,4
Tulsa,1943,6,0,0,0,15
Tulsa,1944,3,1,0,0,
Tulsa,1945,8,0,0,0,17
Tulsa,1946,3,0,0,0,17
Tulsa,1950,1,0,0,0,18
Tulsa,1952,3,0,0,0,12
Tulsa,1982,3,0,0,0,
Tulsa,1991,4,0,0,0,21
Tulsa,2008,3,0,0,0,
Tulsa,2010,1,0,0,0,24
Tulsa,2020,5,0,0,0,
UCF,2010,2,0,0,0,21
UCF,2013,9,1,0,0,10
UCF,2017,11,2,0,0,6
UCF,2018,16,7,0,0,11
UCF,2019,7,0,0,0,24
UCF,2020,4,0,0,0,
UCF,2022,5,0,0,0,
UCLA,1939,7,2,0,0,7
UCLA,1942,7,1,0,0,13
UCLA,1945,1,0,0,0,
UCLA,1946,9,9,9,0,4
UCLA,1947,6,0,0,0,
UCLA,1949,3,0,0,0,
UCLA,1950,4,0,0,0,
UCLA,1951,3,0,0,0,17
UCLA,1952,11,8,4,0,6
UCLA,1953,11,10,6,0,5
UCLA,1954,12,12,10,2,2
UCLA,1955,12,12,7,2,4
UCLA,1956,2,0,0,0,
UCLA,1957,2,0,0,0,
UCLA,1959,2,0,0,0,
UCLA,1960,8,1,0,0,
UCLA,1961,2,1,0,0,16
UCLA,1965,6,6,3,0,4
UCLA,1966,13,13,10,0,5
UCLA,1967,11,11,9,1,
UCLA,1968,4,2,0,0,
UCLA,1969,14,8,0,0,13
UCLA,1970,10,0,0,0,
UCLA,1971,1,0,0,0,
UCLA,1972,14,5,0,0,15
UCLA,1973,15,7,0,0,12
UCLA,1974,4,0,0,0,
UCLA,1975,13,2,1,0,5
UCLA,1976,14,12,10,0,15
UCLA,1977,5,0,0,0,
UCLA,1978,15,6,0,0,14
UCLA,1979,2,0,0,0,
UCLA,1980,13,5,4,0,13
UCLA,1981,10,2,0,0,
UCLA,1982,16,7,3,0,5
UCLA,1983,2,0,0,0,17
UCLA,1984,10,5,2,0,9
UCLA,1985,15,3,0,0,7
UCLA,1986,14,1,1,0,14
UCLA,1987,16,11,4,0,9
UCLA,1988,17,17,10,2,6
UCLA,1989,6,2,0,0,
UCLA,1990,2,0,0,0,
UCLA,1991,10,0,0,0,19
UCLA,1992,7,0,0,0,
UCLA,1993,11,1,0,0,18
UCLA,1994,5,0,0,0,
UCLA,1995,7,0,0,0,
UCLA,1997,14,7,3,0,5
UCLA,1998,16,16,12,0,8
UCLA,1999,5,0,0,0,
UCLA,2000,7,1,0,0,
UCLA,2001,10,4,1,0,
UCLA,2002,3,0,0,0,
UCLA,2005,12,3,0,0,16
UCLA,2007,3,0,0,0,
UCLA,2008,1,0,0,0,
UCLA,2012,9,0,0,0,
UCLA,2013,17,1,0,0,16
UCLA,2014,16,4,0,0,10
UCLA,2015,11,3,0,0,
UCLA,2016,1,0,0,0,
UCLA,2017,1,0,0,0,
UCLA,2021,4,0,0,0,
UCLA,2022,11,3,0,0,21
UCLA,2023,6,0,0,0,
UConn,2007,4,0,0,0,
UConn,2008,1,0,0,0,
UConn,2010,1,0,0,0,
UNLV,2024,6,0,0,0,23
USC,1936,4,2,0,0,
USC,1937,1,0,0,0,
USC,1938,7,3,0,0,7
USC,1939,9,9,6,1,3
USC,1940,2,0,0,0,
USC,1942,2,0,0,0,
USC,1943,6,6,2,0,
USC,1944,7,3,0,0,7
USC,1945,5,1,0,0,11
USC,1946,4,1,0,0,
USC,1947,10,8,6,0,8
USC,1949,6,1,0,0,
USC,1950,1,0,0,0,
USC,1951,8,3,0,0,
USC,1952,11,10,5,0,5
USC,1953,10,5,0,0,
USC,1954,11,5,0,0,17
USC,1955,9,5,0,0,13
USC,1956,11,5,0,0,18
USC,1957,1,0,0,0,
USC,1959,12,8,3,0,14
USC,1960,1,1,0,0,
USC,1962,11,11,9,3,1
USC,1963,4,4,2,2,
USC,1964,2,2,1,0,10
USC,1965,11,11,1,0,10
USC,1966,11,11,5,0,
USC,1967,12,12,11,8,1
USC,1968,14,14,14,6,4
USC,1969,14,14,10,0,3
USC,1970,12,6,4,0,15
USC,1971,9,1,1,0,20
USC,1972,15,15,14,14,1
USC,1973,15,15,6,4,8
USC,1974,15,12,4,0,2
USC,1975,12,10,9,0,17
USC,1976,13,10,7,0,2
USC,1977,12,8,6,1,13
USC,1978,15,15,9,0,2
USC,1979,15,15,15,6,2
USC,1980,16,11,9,0,11
USC,1981,15,14,10,3,14
USC,1982,16,2,0,0,15
USC,1983,4,3,0,0,
USC,1984,11,2,0,0,10
USC,1985,5,4,2,0,
USC,1986,9,3,0,0,
USC,1987,5,0,0,0,18
USC,1988,17,17,13,0,7
USC,1989,17,9,1,0,8
USC,1990,16,4,1,0,20
USC,1991,3,0,0,0,
USC,1992,12,0,0,0,
USC,1993,2,0,0,0,
USC,1994,14,0,0,0,13
USC,1995,17,9,5,0,12
USC,1996,7,1,0,0,
USC,1997,4,0,0,0,
USC,1998,5,0,0,0,
USC,1999,6,0,0,0,
USC,2000,7,3,0,0,
USC,2002,17,6,2,0,5
USC,2003,16,16,13,1,1
USC,2004,15,15,15,15,1
USC,2005,15,15,15,14,2
USC,2006,15,15,12,0,4
USC,2007,15,10,7,5,3
USC,2008,16,16,8,4,3
USC,2009,15,8,5,0,22
USC,2010,7,0,0,0,
USC,2011,10,4,1,0,6
USC,2012,12,4,3,1,
USC,2013,5,0,0,0,19
USC,2014,11,1,0,0,20
USC,2015,8,3,0,0,
USC,2016,6,3,1,0,3
USC,2017,16,6,4,0,12
USC,2018,3,0,0,0,
USC,2019,5,0,0,0,
USC,2020,12,0,0,0,21
USC,2021,2,0,0,0,
USC,2022,16,13,2,0,12
USC,2023,10,7,2,0,
USC,2024,6,0,0,0,
USC,2025,11,0,0,0,20
Utah,1947,1,0,0,0,
Utah,1994,11,2,0,0,10
Utah,1996,4,0,0,0,
Utah,2003,2,0,0,0,21
Utah,2004,15,8,4,0,4
Utah,2008,15,7,1,0,2
Utah,2009,12,0,0,0,18
Utah,2010,14,4,0,0,
Utah,2014,10,0,0,0,21
Utah,2015,14,5,3,0,17
Utah,2016,11,0,0,0,23
Utah,2017,3,0,0,0,
Utah,2018,6,0,0,0,
Utah,2019,17,7,1,0,16
Utah,2020,1,0,0,0,
Utah,2021,7,1,0,0,12
Utah,2022,16,4,0,0,10
Utah,2023,12,1,0,0,
Utah,2024,7,1,0,0,
Utah,2025,12,0,0,0,14
Utah State,1960,2,0,0,0,
Utah State,1961,1,1,0,0,10
Utah State,2012,4,0,0,0,16
Utah State,2018,5,0,0,0,22
Utah State,2021,1,0,0,0,24
UTEP,2004,4,0,0,0,
UTEP,2005,1,0,0,0,
UTSA,2021,7,0,0,0,
UTSA,2022,2,0,0,0,
Vanderbilt,1937,4,1,0,0,
Vanderbilt,1938,1,0,0,0,
Vanderbilt,1941,4,1,0,0,
Vanderbilt,1942,1,0,0,0,
Vanderbilt,1947,3,2,0,0,
Vanderbilt,1948,2,0,0,0,12
Vanderbilt,1950,2,0,0,0,
Vanderbilt,1955,1,0,0,0,
Vanderbilt,1956,3,0,0,0,
Vanderbilt,1958,3,0,0,0,
Vanderbilt,1984,1,0,0,0,
Vanderbilt,2008,4,0,0,0,
Vanderbilt,2012,1,0,0,0,23
Vanderbilt,2013,1,0,0,0,24
Vanderbilt,2024,2,0,0,0,
Vanderbilt,2025,14,2,0,0,15
Virginia,1945,5,0,0,0,
Virginia,1947,6,1,0,0,
Virginia,1949,3,2,0,0,
Virginia,1951,3,0,0,0,13
Virginia,1952,6,1,0,0,
Virginia,1984,2,0,0,0,20
Virginia,1985,1,0,0,0,
Virginia,1989,8,0,0,0,18
Virginia,1990,14,8,5,3,23
Virginia,1991,5,0,0,0,
Virginia,1992,9,1,0,0,
Virginia,1993,10,0,0,0,
Virginia,1994,9,0,0,0,15
Virginia,1995,17,1,0,0,16
Virginia,1996,16,0,0,0,
Virginia,1998,16,4,0,0,18
Virginia,1999,4,0,0,0,
Virginia,2003,3,0,0,0,
Virginia,2004,15,3,0,0,23
Virginia,2005,6,0,0,0,
Virginia,2007,5,0,0,0,
Virginia,2011,1,0,0,0,
Virginia,2018,1,0,0,0,
Virginia,2019,6,0,0,0,
Virginia,2025,12,0,0,0,16
Virginia Tech,1954,9,0,0,0,16
Virginia Tech,1956,3,0,0,0,
Virginia Tech,1986,1,0,0,0,20
Virginia Tech,1993,6,0,0,0,22
Virginia Tech,1994,16,0,0,0,
Virginia Tech,1995,9,1,0,0,10
Virginia Tech,1996,13,1,0,0,13
Virginia Tech,1997,11,0,0,0,
Virginia Tech,1998,12,0,0,0,23
Virginia Tech,1999,17,14,11,0,2
Virginia Tech,2000,17,15,7,0,6
Virginia Tech,2001,14,7,1,0,15
Virginia Tech,2002,17,8,6,0,21
Virginia Tech,2003,14,11,6,0,
Virginia Tech,2004,8,2,0,0,10
Virginia Tech,2005,15,15,10,0,7
Virginia Tech,2006,13,0,0,0,19
Virginia Tech,2007,15,7,0,0,9
Virginia Tech,2008,5,0,0,0,15
Virginia Tech,2009,16,5,2,0,10
Virginia Tech,2010,11,1,0,0,16
Virginia Tech,2011,16,4,1,0,21
Virginia Tech,2012,3,0,0,0,
Virginia Tech,2013,3,0,0,0,
Virginia Tech,2014,1,0,0,0,
Virginia Tech,2016,8,0,0,0,16
Virginia Tech,2017,15,0,0,0,24
Virginia Tech,2018,5,0,0,0,
Virginia Tech,2019,2,0,0,0,
Virginia Tech,2020,5,0,0,0,
Virginia Tech,2021,2,0,0,0,
Wake Forest,1944,4,0,0,0,
Wake Forest,1945,1,0,0,0,19
Wake Forest,1946,2,0,0,0,
Wake Forest,1947,3,0,0,0,
Wake Forest,1948,3,0,0,0,20
Wake Forest,1949,1,0,0,0,
Wake Forest,1950,3,0,0,0,
Wake Forest,1979,4,0,0,0,
Wake Forest,1992,2,0,0,0,25
Wake Forest,2003,1,0,0,0,
Wake Forest,2006,8,0,0,0,18
Wake Forest,2007,1,0,0,0,
Wake Forest,2008,8,0,0,0,
Wake Forest,2019,5,0,0,0,
Wake Forest,2021,12,1,0,0,15
Wake Forest,2022,10,1,0,0,
Washington,1936,7,7,2,0,5
Washington,1937,1,0,0,0,
Washington,1940,8,1,0,0,10
Washington,1941,1,0,0,0,
Washington,1943,7,0,0,0,12
Washington,1945,2,0,0,0,
Washington,1950,8,2,0,0,11
Washington,1951,3,1,0,0,
Washington,1952,1,0,0,0,
Washington,1955,4,0,0,0,
Washington,1959,8,3,0,0,8
Washington,1960,12,10,5,0,6
Washington,1962,6,6,0,0,
Washington,1963,1,1,0,0,
Washington,1964,2,2,0,0,
Washington,1970,1,0,0,0,
Washington,1971,10,0,0,0,19
Washington,1972,8,1,0,0,
Washington,1977,4,1,0,0,10
Washington,1978,5,0,0,0,
Washington,1979,15,3,0,0,11
Washington,1980,10,0,0,0,16
Washington,1981,11,1,0,0,10
Washington,1982,16,15,10,6,7
Washington,1983,12,1,0,0,
Washington,1984,16,13,10,4,2
Washington,1985,2,0,0,0,
Washington,1986,15,6,0,0,18
Washington,1987,5,1,0,0,
Washington,1988,7,0,0,0,
Washington,1989,4,0,0,0,23
Washington,1990,16,8,2,0,5
Washington,1991,16,16,16,0,2
Washington,1992,17,15,12,5,11
Washington,1993,11,0,0,0,
Washington,1994,13,2,0,0,
Washington,1995,16,0,0,0,
Washington,1996,14,0,0,0,16
Washington,1997,18,12,5,0,18
Washington,1998,5,2,0,0,
Washington,1999,1,0,0,0,
Washington,2000,17,12,4,0,3
Washington,2001,14,2,0,0,21
Washington,2002,9,1,0,0,
Washington,2003,6,0,0,0,
Washington,2009,1,0,0,0,
Washington,2011,1,0,0,0,
Washington,2012,1,0,0,0,
Washington,2013,8,0,0,0,25
Washington,2014,1,0,0,0,
Washington,2016,16,15,9,0,4
Washington,2017,16,8,1,0,16
Washington,2018,15,8,0,0,13
Washington,2019,7,0,0,0,
Washington,2020,1,0,0,0,
Washington,2021,1,0,0,0,
Washington,2022,9,2,0,0,8
Washington,2023,16,16,9,0,2
Washington,2025,1,0,0,0,
Washington State,1936,4,0,0,0,
Washington State,1940,1,0,0,0,
Washington State,1941,1,0,0,0,19
Washington State,1942,5,1,0,0,17
Washington State,1951,7,0,0,0,18
Washington State,1952,1,0,0,0,
Washington State,1957,1,0,0,0,
Washington State,1958,1,1,0,0,
Washington State,1972,5,0,0,0,19
Washington State,1977,1,0,0,0,
Washington State,1981,7,0,0,0,
Washington State,1988,6,0,0,0,16
Washington State,1989,7,0,0,0,
Washington State,1992,9,0,0,0,15
Washington State,1993,1,0,0,0,
Washington State,1994,13,0,0,0,21
Washington State,1997,14,6,0,0,9
Washington State,2001,8,1,0,0,13
Washington State,2002,17,10,3,0,7
Washington State,2003,13,6,0,0,9
Washington State,2006,1,0,0,0,
Washington State,2015,2,0,0,0,
Washington State,2016,4,0,0,0,
Washington State,2017,15,1,0,0,
Washington State,2018,9,5,0,0,10
Washington State,2019,4,0,0,0,
Washington State,2023,5,0,0,0,
Washington State,2024,4,0,0,0,
West Virginia,1953,11,6,1,0,10
West Virginia,1954,9,2,0,0,12
West Virginia,1955,10,5,0,0,19
West Virginia,1956,1,0,0,0,
West Virginia,1958,1,0,0,0,
West Virginia,1969,7,0,0,0,17
West Virginia,1970,5,0,0,0,
West Virginia,1972,4,0,0,0,
West Virginia,1973,1,0,0,0,
West Virginia,1975,5,1,0,0,20
West Virginia,1977,1,0,0,0,
West Virginia,1981,1,0,0,0,17
West Virginia,1982,14,2,0,0,19
West Virginia,1983,14,4,3,0,16
West Virginia,1984,5,0,0,0,
West Virginia,1988,17,12,7,0,5
West Virginia,1989,17,3,0,0,21
West Virginia,1990,2,0,0,0,
West Virginia,1992,1,0,0,0,
West Virginia,1993,12,6,3,0,7
West Virginia,1994,1,0,0,0,
West Virginia,1995,2,0,0,0,
West Virginia,1996,10,0,0,0,
West Virginia,1997,4,0,0,0,
West Virginia,1998,9,0,0,0,
West Virginia,2002,3,0,0,0,15
West Virginia,2003,3,0,0,0,
West Virginia,2004,13,5,0,0,
West Virginia,2005,8,1,1,0,5
West Virginia,2006,15,14,9,0,10
West Virginia,2007,15,14,8,0,6
West Virginia,2008,6,2,0,0,23
West Virginia,2009,5,0,0,0,25
West Virginia,2010,8,0,0,0,
West Virginia,2011,13,0,0,0,17
West Virginia,2012,10,6,1,0,
West Virginia,2014,3,0,0,0,
West Virginia,2015,1,0,0,0,
West Virginia,2016,11,2,0,0,18
West Virginia,2017,7,0,0,0,
West Virginia,2018,16,4,0,0,20
Western Kentucky,2015,2,0,0,0,24
Western Michigan,2016,10,0,0,0,15
Wisconsin,1937,1,0,0,0,
Wisconsin,1938,2,0,0,0,
Wisconsin,1942,8,8,3,0,3
Wisconsin,1944,1,0,0,0,
Wisconsin,1946,3,0,0,0,
Wisconsin,1947,2,1,0,0,
Wisconsin,1950,5,0,0,0,
Wisconsin,1951,8,6,0,0,8
Wisconsin,1952,11,4,1,1,11
Wisconsin,1953,4,1,0,0,15
Wisconsin,1954,12,9,4,0,9
Wisconsin,1955,5,2,0,0,
Wisconsin,1957,5,0,0,0,19
Wisconsin,1958,12,9,3,0,7
Wisconsin,1959,12,10,1,0,6
Wisconsin,1960,2,0,0,0,
Wisconsin,1962,7,7,5,0,2
Wisconsin,1963,7,7,4,0,
Wisconsin,1974,5,0,0,0,
Wisconsin,1977,2,0,0,0,
Wisconsin,1981,2,0,0,0,
Wisconsin,1984,1,0,0,0,
Wisconsin,1993,14,4,0,0,6
Wisconsin,1994,8,4,0,0,
Wisconsin,1995,5,0,0,0,
Wisconsin,1997,4,0,0,0,
Wisconsin,1998,16,9,0,0,6
Wisconsin,1999,16,11,5,0,4
Wisconsin,2000,8,5,4,0,23
Wisconsin,2001,3,0,0,0,
Wisconsin,2002,7,0,0,0,
Wisconsin,2003,6,0,0,0,
Wisconsin,2004,15,6,2,0,17
Wisconsin,2005,11,0,0,0,15
Wisconsin,2006,9,3,0,0,7
Wisconsin,2007,11,6,2,0,24
Wisconsin,2008,6,3,0,0,
Wisconsin,2009,5,0,0,0,16
Wisconsin,2010,16,9,3,0,7
Wisconsin,2011,16,9,3,0,10
Wisconsin,2012,2,0,0,0,
Wisconsin,2013,15,0,0,0,22
Wisconsin,2014,13,0,0,0,13
Wisconsin,2015,9,0,0,0,21
Wisconsin,2016,15,12,1,0,9
Wisconsin,2017,16,16,6,0,7
Wisconsin,2018,9,3,2,0,
Wisconsin,2019,17,5,0,0,11
Wisconsin,2020,12,3,0,0,
Wisconsin,2021,7,0,0,0,
Wisconsin,2022,2,0,0,0,
Wisconsin,2023,2,0,0,0,
Wyoming,1950,5,0,0,0,12
Wyoming,1956,1,0,0,0,
Wyoming,1959,2,0,0,0,16
Wyoming,1966,1,1,0,0,
Wyoming,1967,7,7,0,0,6
Wyoming,1968,4,0,0,0,
Wyoming,1969,5,0,0,0,
Wyoming,1988,11,3,0,0,
Wyoming,1990,5,0,0,0,
Wyoming,1993,2,0,0,0,
Wyoming,1996,12,0,0,0,22
Wyoming,1998,1,0,0,0,
