school,personal_label
Ohio State,Elite in every era since Woody Hayes
Alabama,Bryant built the standard; Saban restored it
Michigan,Winningest program in the sport, 1879 on
Notre Dame,Independent royalty with no league to conquer
Oklahoma,Wilkinson to Switzer to Stoops, rarely down
USC,Tailback U and Tiffany trophies, coast to coast
Texas,Vast résumé, one national title since 1970
Nebraska,Owned the wishbone era, adrift since 2001
Georgia,Between the hedges forever, on top since 2021
Penn State,Paterno's grand experiment, 400-plus weeks ranked
LSU,Death Valley night games and four modern titles
Tennessee,1998's last roar, Neyland's ghosts stirring again
Florida State,Bowden's dynasty machine, chasing it ever since
Florida,Spurrier's Fun 'n' Gun, Meyer's back-to-back peak
Clemson,Dabo turned a sleeping giant into a superpower
Miami (FL),The Decade of the 80s and 90s never re-ran
Auburn,Kick Sixes and 2010, always SEC dangerous
Texas A&M,12th Man tradition, still chasing the breakthrough
Washington,Rose Bowl pipeline, Don James built the ceiling
UCLA,Pauley's football cousin, mostly living on the 50s-90s
Michigan State,Duffy and Dantonio spikes between quiet decades
Wisconsin,Barry Alvarez turned the Barn into a fullback factory
Ole Miss,Vaught's 1960s peak, a modern nudge back up
Arkansas,Broyles's Southwest power, a Razorback long shot since
Colorado,1990 champions, three decades wandering the wilderness
Minnesota,Leather-helmet dynasty, dormant since Eisenhower
Pittsburgh,Tony Dorsett and 1976, faded to spoiler
Army,1940s national champions, corps still marches on
Navy,Staubach's Heisman, triple-option throwback ever after
Oregon,Nike money turned a regional team national in the 2000s
Oklahoma State,Boone Pickens money, Gundy's steady contender era
Iowa,Hayden Fry's rebuild, Ferentz's grind-it-out constancy
Kansas State,Snyder resurrected the worst program in America
Missouri,Border War roots, brief Big 12 and SEC peaks
Virginia Tech,Beamer Ball and Michael Vick, quiet since 2011
West Virginia,Pat White's Country Roads, no title to show
Texas Tech,Air Raid laboratory, wins without the hardware
BYU,LaVell Edwards, 1984, and a lonely national claim
Boise State,The blue turf and the Statue of Liberty upset era
TCU,Dutch Meyer's 1938, Gary Patterson's return to relevance
Stanford,Nerd Nation, Harbaugh and Shaw's bruising decade
Cincinnati,Fickell's 2021 Playoff crashers, now testing the Big 12
UCF,Undefeated and self-proclaimed, the Group of Five ceiling
Houston,Andre Ware's run-and-shoot Heisman, chasing it since
SMU,The Pony Express and the only NCAA death penalty
Indiana,Basketball school with a 2025 football exclamation point
Maryland,Randy White's 1970s, mostly a basketball address since
Syracuse,Ernie Davis and 1959, orange-tinted nostalgia now
Purdue,Cradle of Quarterbacks, one Rose Bowl since 1967
Kentucky,Bear Bryant started here, basketball finished the sentence
